[0.000000] (-) TimerEvent: {}
[0.000104] (sc2_bridge_interfaces) JobQueued: {'identifier': 'sc2_bridge_interfaces', 'dependencies': OrderedDict()}
[0.000139] (sc2_bridge) JobQueued: {'identifier': 'sc2_bridge', 'dependencies': OrderedDict([('sc2_bridge_interfaces', '/home/ros/ws/ros2_ws/install/sc2_bridge_interfaces')])}
[0.000164] (sc2_bridge_interfaces) JobStarted: {'identifier': 'sc2_bridge_interfaces'}
[0.005411] (sc2_bridge_interfaces) JobProgress: {'identifier': 'sc2_bridge_interfaces', 'progress': 'cmake'}
[0.005774] (sc2_bridge_interfaces) Command: {'cmd': ['/usr/bin/cmake', '/home/ros/ws/ros2_ws/src/sc2_bridge_interfaces', '-DCATKIN_INSTALL_INTO_PREFIX_ROOT=0', '-DCATKIN_SYMLINK_INSTALL=ON', '-DCMAKE_INSTALL_PREFIX=/home/ros/ws/ros2_ws/install/sc2_bridge_interfaces'], 'cwd': '/home/ros/ws/ros2_ws/build/sc2_bridge_interfaces', 'env': OrderedDict([('HOSTNAME', 'bd0fd62f0b1c'), ('SHLVL', '1'), ('LD_LIBRARY_PATH', '/opt/ros/humble/opt/rviz_ogre_vendor/lib:/opt/ros/humble/lib/x86_64-linux-gnu:/opt/ros/humble/lib'), ('HOME', '/home/ros'), ('ROS_PYTHON_VERSION', '3'), ('SC2_MAP', '/StarCraftII/maps/Flat482Spawns.SC2Map'), ('ROS_DISTRO', 'humble'), ('_', '/usr/bin/colcon'), ('ROS_VERSION', '2'), ('ROS_LOCALHOST_ONLY', '0'), ('PATH', '/opt/ros/humble/bin:/usr/local/sbin:/usr/local/bin:/usr/sbin:/usr/bin:/sbin:/bin'), ('DISPLAY', ':1'), ('LANG', 'C.UTF-8'), ('XAUTHORITY', '/run/user/1000/gdm/Xauthority'), ('AMENT_PREFIX_PATH', '/opt/ros/humble'), ('SC2_HOST', 'sc2-server'), ('PWD', '/home/ros/ws/ros2_ws/build/sc2_bridge_interfaces'), ('LC_ALL', 'C.UTF-8'), ('PYTHONPATH', '/opt/ros/humble/lib/python3.10/site-packages:/opt/ros/humble/local/lib/python3.10/dist-packages'), ('COLCON', '1'), ('SC2_PORT', '8167')]), 'shell': False}
[0.046416] (sc2_bridge_interfaces) StdoutLine: {'line': b'-- The C compiler identification is GNU 11.4.0\n'}
[0.088270] (sc2_bridge_interfaces) StdoutLine: {'line': b'-- The CXX compiler identification is GNU 11.4.0\n'}
[0.094798] (sc2_bridge_interfaces) StdoutLine: {'line': b'-- Detecting C compiler ABI info\n'}
[0.099435] (-) TimerEvent: {}
[0.141117] (sc2_bridge_interfaces) StdoutLine: {'line': b'-- Detecting C compiler ABI info - done\n'}
[0.144560] (sc2_bridge_interfaces) StdoutLine: {'line': b'-- Check for working C compiler: /usr/bin/cc - skipped\n'}
[0.145605] (sc2_bridge_interfaces) StdoutLine: {'line': b'-- Detecting C compile features\n'}
[0.145854] (sc2_bridge_interfaces) StdoutLine: {'line': b'-- Detecting C compile features - done\n'}
[0.147494] (sc2_bridge_interfaces) StdoutLine: {'line': b'-- Detecting CXX compiler ABI info\n'}
[0.196270] (sc2_bridge_interfaces) StdoutLine: {'line': b'-- Detecting CXX compiler ABI info - done\n'}
[0.199498] (-) TimerEvent: {}
[0.199723] (sc2_bridge_interfaces) StdoutLine: {'line': b'-- Check for working CXX compiler: /usr/bin/c++ - skipped\n'}
[0.199869] (sc2_bridge_interfaces) StdoutLine: {'line': b'-- Detecting CXX compile features\n'}
[0.200107] (sc2_bridge_interfaces) StdoutLine: {'line': b'-- Detecting CXX compile features - done\n'}
[0.202566] (sc2_bridge_interfaces) StdoutLine: {'line': b'-- Found ament_cmake: 1.3.14 (/opt/ros/humble/share/ament_cmake/cmake)\n'}
[0.296810] (sc2_bridge_interfaces) StdoutLine: {'line': b'-- Found Python3: /usr/bin/python3 (found version "3.10.12") found components: Interpreter \n'}
[0.299612] (-) TimerEvent: {}
[0.364790] (sc2_bridge_interfaces) StdoutLine: {'line': b'-- Found rosidl_default_generators: 1.2.1 (/opt/ros/humble/share/rosidl_default_generators/cmake)\n'}
[0.366732] (sc2_bridge_interfaces) StdoutLine: {'line': b'-- Using all available rosidl_typesupport_c: rosidl_typesupport_fastrtps_c;rosidl_typesupport_introspection_c\n'}
[0.371326] (sc2_bridge_interfaces) StdoutLine: {'line': b'-- Found rosidl_adapter: 3.1.8 (/opt/ros/humble/share/rosidl_adapter/cmake)\n'}
[0.397232] (sc2_bridge_interfaces) StdoutLine: {'line': b'-- Using all available rosidl_typesupport_cpp: rosidl_typesupport_fastrtps_cpp;rosidl_typesupport_introspection_cpp\n'}
[0.399666] (-) TimerEvent: {}
[0.416266] (sc2_bridge_interfaces) StdoutLine: {'line': b'-- Found builtin_interfaces: 1.2.2 (/opt/ros/humble/share/builtin_interfaces/cmake)\n'}
[0.423289] (sc2_bridge_interfaces) StdoutLine: {'line': b'-- Found geometry_msgs: 4.9.1 (/opt/ros/humble/share/geometry_msgs/cmake)\n'}
[0.499765] (-) TimerEvent: {}
[0.599945] (-) TimerEvent: {}
[0.663033] (sc2_bridge_interfaces) StdoutLine: {'line': b'-- Found ament_cmake_ros: 0.10.0 (/opt/ros/humble/share/ament_cmake_ros/cmake)\n'}
[0.700038] (-) TimerEvent: {}
[0.800219] (-) TimerEvent: {}
[0.820610] (sc2_bridge_interfaces) StdoutLine: {'line': b'-- Using all available rosidl_typesupport_c: rosidl_typesupport_fastrtps_c;rosidl_typesupport_introspection_c\n'}
[0.900349] (-) TimerEvent: {}
[1.000631] (-) TimerEvent: {}
[1.045351] (sc2_bridge_interfaces) StdoutLine: {'line': b'-- Using all available rosidl_typesupport_cpp: rosidl_typesupport_fastrtps_cpp;rosidl_typesupport_introspection_cpp\n'}
[1.063873] (sc2_bridge_interfaces) StdoutLine: {'line': b'-- Found PythonInterp: /usr/bin/python3 (found suitable version "3.10.12", minimum required is "3.6") \n'}
[1.065239] (sc2_bridge_interfaces) StdoutLine: {'line': b'-- Found python_cmake_module: 0.10.0 (/opt/ros/humble/share/python_cmake_module/cmake)\n'}
[1.084878] (sc2_bridge_interfaces) StdoutLine: {'line': b'-- Found PythonLibs: /usr/lib/x86_64-linux-gnu/libpython3.10.so (found suitable version "3.10.12", minimum required is "3.5") \n'}
[1.085114] (sc2_bridge_interfaces) StdoutLine: {'line': b'-- Using PYTHON_EXECUTABLE: /usr/bin/python3\n'}
[1.085180] (sc2_bridge_interfaces) StdoutLine: {'line': b'-- Using PYTHON_INCLUDE_DIRS: /usr/include/python3.10\n'}
[1.085229] (sc2_bridge_interfaces) StdoutLine: {'line': b'-- Using PYTHON_LIBRARIES: /usr/lib/x86_64-linux-gnu/libpython3.10.so\n'}
[1.096259] (sc2_bridge_interfaces) StdoutLine: {'line': b'-- Found PythonExtra: .so  \n'}
[1.100700] (-) TimerEvent: {}
[1.186952] (sc2_bridge_interfaces) StdoutLine: {'line': b'-- Configuring done\n'}
[1.200768] (-) TimerEvent: {}
[1.209291] (sc2_bridge_interfaces) StdoutLine: {'line': b'-- Generating done\n'}
[1.210218] (sc2_bridge_interfaces) StderrLine: {'line': b'CMake Warning:\n'}
[1.210260] (sc2_bridge_interfaces) StderrLine: {'line': b'  Manually-specified variables were not used by the project:\n'}
[1.210283] (sc2_bridge_interfaces) StderrLine: {'line': b'\n'}
[1.210302] (sc2_bridge_interfaces) StderrLine: {'line': b'    CATKIN_INSTALL_INTO_PREFIX_ROOT\n'}
[1.210324] (sc2_bridge_interfaces) StderrLine: {'line': b'    CATKIN_SYMLINK_INSTALL\n'}
[1.210343] (sc2_bridge_interfaces) StderrLine: {'line': b'\n'}
[1.210360] (sc2_bridge_interfaces) StderrLine: {'line': b'\n'}
[1.215200] (sc2_bridge_interfaces) StdoutLine: {'line': b'-- Build files have been written to: /home/ros/ws/ros2_ws/build/sc2_bridge_interfaces\n'}
[1.220972] (sc2_bridge_interfaces) CommandEnded: {'returncode': 0}
[1.221603] (sc2_bridge_interfaces) JobProgress: {'identifier': 'sc2_bridge_interfaces', 'progress': 'build'}
[1.222336] (sc2_bridge_interfaces) Command: {'cmd': ['/usr/bin/cmake', '--build', '/home/ros/ws/ros2_ws/build/sc2_bridge_interfaces', '--', '-j24', '-l24'], 'cwd': '/home/ros/ws/ros2_ws/build/sc2_bridge_interfaces', 'env': OrderedDict([('HOSTNAME', 'bd0fd62f0b1c'), ('SHLVL', '1'), ('LD_LIBRARY_PATH', '/opt/ros/humble/opt/rviz_ogre_vendor/lib:/opt/ros/humble/lib/x86_64-linux-gnu:/opt/ros/humble/lib'), ('HOME', '/home/ros'), ('ROS_PYTHON_VERSION', '3'), ('SC2_MAP', '/StarCraftII/maps/Flat482Spawns.SC2Map'), ('ROS_DISTRO', 'humble'), ('_', '/usr/bin/colcon'), ('ROS_VERSION', '2'), ('ROS_LOCALHOST_ONLY', '0'), ('PATH', '/opt/ros/humble/bin:/usr/local/sbin:/usr/local/bin:/usr/sbin:/usr/bin:/sbin:/bin'), ('DISPLAY', ':1'), ('LANG', 'C.UTF-8'), ('XAUTHORITY', '/run/user/1000/gdm/Xauthority'), ('AMENT_PREFIX_PATH', '/opt/ros/humble'), ('SC2_HOST', 'sc2-server'), ('PWD', '/home/ros/ws/ros2_ws/build/sc2_bridge_interfaces'), ('LC_ALL', 'C.UTF-8'), ('PYTHONPATH', '/opt/ros/humble/lib/python3.10/site-packages:/opt/ros/humble/local/lib/python3.10/dist-packages'), ('COLCON', '1'), ('SC2_PORT', '8167')]), 'shell': False}
[1.253263] (sc2_bridge_interfaces) StdoutLine: {'line': b'[  1%] Generating C code for ROS interfaces\n'}
[1.258756] (sc2_bridge_interfaces) StdoutLine: {'line': b'[  2%] Generating Rust code for ROS interfaces\n'}
[1.260528] (sc2_bridge_interfaces) StdoutLine: {'line': b'[  3%] Generating C++ code for ROS interfaces\n'}
[1.264535] (sc2_bridge_interfaces) StdoutLine: {'line': b'[  3%] Built target ament_cmake_python_copy_sc2_bridge_interfaces\n'}
[1.300872] (-) TimerEvent: {}
[1.364887] (sc2_bridge_interfaces) StdoutLine: {'line': b'running egg_info\n'}
[1.365611] (sc2_bridge_interfaces) StdoutLine: {'line': b'creating sc2_bridge_interfaces.egg-info\n'}
[1.365803] (sc2_bridge_interfaces) StdoutLine: {'line': b'writing sc2_bridge_interfaces.egg-info/PKG-INFO\n'}
[1.365983] (sc2_bridge_interfaces) StdoutLine: {'line': b'writing dependency_links to sc2_bridge_interfaces.egg-info/dependency_links.txt\n'}
[1.366073] (sc2_bridge_interfaces) StdoutLine: {'line': b'writing top-level names to sc2_bridge_interfaces.egg-info/top_level.txt\n'}
[1.366127] (sc2_bridge_interfaces) StdoutLine: {'line': b"writing manifest file 'sc2_bridge_interfaces.egg-info/SOURCES.txt'\n"}
[1.367401] (sc2_bridge_interfaces) StdoutLine: {'line': b"reading manifest file 'sc2_bridge_interfaces.egg-info/SOURCES.txt'\n"}
[1.367820] (sc2_bridge_interfaces) StdoutLine: {'line': b"writing manifest file 'sc2_bridge_interfaces.egg-info/SOURCES.txt'\n"}
[1.390387] (sc2_bridge_interfaces) StdoutLine: {'line': b'[  3%] Built target ament_cmake_python_build_sc2_bridge_interfaces_egg\n'}
[1.400961] (-) TimerEvent: {}
[1.494148] (sc2_bridge_interfaces) StdoutLine: {'line': b'[  3%] Built target sc2_bridge_interfaces__rs\n'}
[1.501055] (-) TimerEvent: {}
[1.601624] (-) TimerEvent: {}
[1.702265] (-) TimerEvent: {}
[1.759148] (sc2_bridge_interfaces) StdoutLine: {'line': b'[  3%] Built target sc2_bridge_interfaces__cpp\n'}
[1.759972] (sc2_bridge_interfaces) StdoutLine: {'line': b'[  4%] Building C object CMakeFiles/sc2_bridge_interfaces__rosidl_generator_c.dir/rosidl_generator_c/sc2_bridge_interfaces/action/detail/move__functions.c.o\n'}
[1.761176] (sc2_bridge_interfaces) StdoutLine: {'line': b'[ 10%] Building C object CMakeFiles/sc2_bridge_interfaces__rosidl_generator_c.dir/rosidl_generator_c/sc2_bridge_interfaces/srv/detail/kill_units__functions.c.o\n'}
[1.761273] (sc2_bridge_interfaces) StdoutLine: {'line': b'[ 10%] Building C object CMakeFiles/sc2_bridge_interfaces__rosidl_generator_c.dir/rosidl_generator_c/sc2_bridge_interfaces/msg/detail/game_info__functions.c.o\n'}
[1.761302] (sc2_bridge_interfaces) StdoutLine: {'line': b'[ 10%] Building C object CMakeFiles/sc2_bridge_interfaces__rosidl_generator_c.dir/rosidl_generator_c/sc2_bridge_interfaces/msg/detail/unit_state_array__functions.c.o\n'}
[1.761324] (sc2_bridge_interfaces) StdoutLine: {'line': b'[ 10%] Building C object CMakeFiles/sc2_bridge_interfaces__rosidl_generator_c.dir/rosidl_generator_c/sc2_bridge_interfaces/msg/detail/unit_state__functions.c.o\n'}
[1.761345] (sc2_bridge_interfaces) StdoutLine: {'line': b'[ 10%] Building C object CMakeFiles/sc2_bridge_interfaces__rosidl_generator_c.dir/rosidl_generator_c/sc2_bridge_interfaces/srv/detail/spawn_units__functions.c.o\n'}
[1.761378] (sc2_bridge_interfaces) StdoutLine: {'line': b'[ 10%] Building C object CMakeFiles/sc2_bridge_interfaces__rosidl_generator_c.dir/rosidl_generator_c/sc2_bridge_interfaces/msg/detail/contact_mark_array__functions.c.o\n'}
[1.761398] (sc2_bridge_interfaces) StdoutLine: {'line': b'[ 11%] Building C object CMakeFiles/sc2_bridge_interfaces__rosidl_generator_c.dir/rosidl_generator_c/sc2_bridge_interfaces/msg/detail/contact_mark__functions.c.o\n'}
[1.762166] (sc2_bridge_interfaces) StdoutLine: {'line': b'[ 12%] Building C object CMakeFiles/sc2_bridge_interfaces__rosidl_generator_c.dir/rosidl_generator_c/sc2_bridge_interfaces/action/detail/attack__functions.c.o\n'}
[1.766151] (sc2_bridge_interfaces) StdoutLine: {'line': b'[ 13%] Generating C++ type support dispatch for ROS interfaces\n'}
[1.766971] (sc2_bridge_interfaces) StdoutLine: {'line': b'[ 15%] Generating C++ type support for eProsima Fast-RTPS\n'}
[1.767074] (sc2_bridge_interfaces) StdoutLine: {'line': b'[ 15%] Generating C++ introspection for ROS interfaces\n'}
[1.802348] (-) TimerEvent: {}
[1.841912] (sc2_bridge_interfaces) StdoutLine: {'line': b'[ 16%] Linking C shared library libsc2_bridge_interfaces__rosidl_generator_c.so\n'}
[1.870582] (sc2_bridge_interfaces) StdoutLine: {'line': b'[ 16%] Built target sc2_bridge_interfaces__rosidl_generator_c\n'}
[1.878955] (sc2_bridge_interfaces) StdoutLine: {'line': b'[ 19%] Generating C type support for eProsima Fast-RTPS\n'}
[1.879139] (sc2_bridge_interfaces) StdoutLine: {'line': b'[ 19%] Generating C type support dispatch for ROS interfaces\n'}
[1.879201] (sc2_bridge_interfaces) StdoutLine: {'line': b'[ 19%] Generating C introspection for ROS interfaces\n'}
[1.902472] (-) TimerEvent: {}
[2.002676] (-) TimerEvent: {}
[2.065248] (sc2_bridge_interfaces) StdoutLine: {'line': b'[ 20%] Building CXX object CMakeFiles/sc2_bridge_interfaces__rosidl_typesupport_cpp.dir/rosidl_typesupport_cpp/sc2_bridge_interfaces/msg/unit_state_array__type_support.cpp.o\n'}
[2.065636] (sc2_bridge_interfaces) StdoutLine: {'line': b'[ 26%] Building CXX object CMakeFiles/sc2_bridge_interfaces__rosidl_typesupport_cpp.dir/rosidl_typesupport_cpp/sc2_bridge_interfaces/msg/unit_state__type_support.cpp.o\n'}
[2.065705] (sc2_bridge_interfaces) StdoutLine: {'line': b'[ 26%] Building CXX object CMakeFiles/sc2_bridge_interfaces__rosidl_typesupport_cpp.dir/rosidl_typesupport_cpp/sc2_bridge_interfaces/msg/contact_mark_array__type_support.cpp.o\n'}
[2.065748] (sc2_bridge_interfaces) StdoutLine: {'line': b'[ 26%] Building CXX object CMakeFiles/sc2_bridge_interfaces__rosidl_typesupport_cpp.dir/rosidl_typesupport_cpp/sc2_bridge_interfaces/srv/kill_units__type_support.cpp.o\n'}
[2.065786] (sc2_bridge_interfaces) StdoutLine: {'line': b'[ 26%] Building CXX object CMakeFiles/sc2_bridge_interfaces__rosidl_typesupport_cpp.dir/rosidl_typesupport_cpp/sc2_bridge_interfaces/srv/spawn_units__type_support.cpp.o\n'}
[2.065822] (sc2_bridge_interfaces) StdoutLine: {'line': b'[ 28%] Building CXX object CMakeFiles/sc2_bridge_interfaces__rosidl_typesupport_cpp.dir/rosidl_typesupport_cpp/sc2_bridge_interfaces/msg/game_info__type_support.cpp.o\n'}
[2.065858] (sc2_bridge_interfaces) StdoutLine: {'line': b'[ 28%] Building CXX object CMakeFiles/sc2_bridge_interfaces__rosidl_typesupport_cpp.dir/rosidl_typesupport_cpp/sc2_bridge_interfaces/action/move__type_support.cpp.o\n'}
[2.065893] (sc2_bridge_interfaces) StdoutLine: {'line': b'[ 28%] Building CXX object CMakeFiles/sc2_bridge_interfaces__rosidl_typesupport_cpp.dir/rosidl_typesupport_cpp/sc2_bridge_interfaces/msg/contact_mark__type_support.cpp.o\n'}
[2.066227] (sc2_bridge_interfaces) StdoutLine: {'line': b'[ 29%] Building CXX object CMakeFiles/sc2_bridge_interfaces__rosidl_typesupport_cpp.dir/rosidl_typesupport_cpp/sc2_bridge_interfaces/action/attack__type_support.cpp.o\n'}
[2.102796] (-) TimerEvent: {}
[2.203059] (-) TimerEvent: {}
[2.268775] (sc2_bridge_interfaces) StdoutLine: {'line': b'[ 32%] Building CXX object CMakeFiles/sc2_bridge_interfaces__rosidl_typesupport_introspection_cpp.dir/rosidl_typesupport_introspection_cpp/sc2_bridge_interfaces/msg/detail/unit_state_array__type_support.cpp.o\n'}
[2.268989] (sc2_bridge_interfaces) StdoutLine: {'line': b'[ 32%] Building CXX object CMakeFiles/sc2_bridge_interfaces__rosidl_typesupport_introspection_cpp.dir/rosidl_typesupport_introspection_cpp/sc2_bridge_interfaces/srv/detail/kill_units__type_support.cpp.o\n'}
[2.269070] (sc2_bridge_interfaces) StdoutLine: {'line': b'[ 32%] Building CXX object CMakeFiles/sc2_bridge_interfaces__rosidl_typesupport_introspection_cpp.dir/rosidl_typesupport_introspection_cpp/sc2_bridge_interfaces/action/detail/attack__type_support.cpp.o\n'}
[2.269838] (sc2_bridge_interfaces) StdoutLine: {'line': b'[ 37%] Building CXX object CMakeFiles/sc2_bridge_interfaces__rosidl_typesupport_introspection_cpp.dir/rosidl_typesupport_introspection_cpp/sc2_bridge_interfaces/srv/detail/spawn_units__type_support.cpp.o\n'}
[2.269924] (sc2_bridge_interfaces) StdoutLine: {'line': b'[ 37%] Building CXX object CMakeFiles/sc2_bridge_interfaces__rosidl_typesupport_introspection_cpp.dir/rosidl_typesupport_introspection_cpp/sc2_bridge_interfaces/msg/detail/contact_mark_array__type_support.cpp.o\n'}
[2.269967] (sc2_bridge_interfaces) StdoutLine: {'line': b'[ 37%] Building CXX object CMakeFiles/sc2_bridge_interfaces__rosidl_typesupport_introspection_cpp.dir/rosidl_typesupport_introspection_cpp/sc2_bridge_interfaces/action/detail/move__type_support.cpp.o\n'}
[2.270007] (sc2_bridge_interfaces) StdoutLine: {'line': b'[ 37%] Building CXX object CMakeFiles/sc2_bridge_interfaces__rosidl_typesupport_introspection_cpp.dir/rosidl_typesupport_introspection_cpp/sc2_bridge_interfaces/msg/detail/unit_state__type_support.cpp.o\n'}
[2.270045] (sc2_bridge_interfaces) StdoutLine: {'line': b'[ 37%] Building CXX object CMakeFiles/sc2_bridge_interfaces__rosidl_typesupport_introspection_cpp.dir/rosidl_typesupport_introspection_cpp/sc2_bridge_interfaces/msg/detail/game_info__type_support.cpp.o\n'}
[2.270084] (sc2_bridge_interfaces) StdoutLine: {'line': b'[ 38%] Building CXX object CMakeFiles/sc2_bridge_interfaces__rosidl_typesupport_introspection_cpp.dir/rosidl_typesupport_introspection_cpp/sc2_bridge_interfaces/msg/detail/contact_mark__type_support.cpp.o\n'}
[2.303713] (-) TimerEvent: {}
[2.327637] (sc2_bridge_interfaces) StdoutLine: {'line': b'[ 40%] Building CXX object CMakeFiles/sc2_bridge_interfaces__rosidl_typesupport_fastrtps_cpp.dir/rosidl_typesupport_fastrtps_cpp/sc2_bridge_interfaces/msg/detail/dds_fastrtps/unit_state__type_support.cpp.o\n'}
[2.327850] (sc2_bridge_interfaces) StdoutLine: {'line': b'[ 40%] Building CXX object CMakeFiles/sc2_bridge_interfaces__rosidl_typesupport_fastrtps_cpp.dir/rosidl_typesupport_fastrtps_cpp/sc2_bridge_interfaces/srv/detail/dds_fastrtps/kill_units__type_support.cpp.o\n'}
[2.328031] (sc2_bridge_interfaces) StdoutLine: {'line': b'[ 42%] Building CXX object CMakeFiles/sc2_bridge_interfaces__rosidl_typesupport_fastrtps_cpp.dir/rosidl_typesupport_fastrtps_cpp/sc2_bridge_interfaces/msg/detail/dds_fastrtps/unit_state_array__type_support.cpp.o\n'}
[2.328099] (sc2_bridge_interfaces) StdoutLine: {'line': b'[ 42%] Building CXX object CMakeFiles/sc2_bridge_interfaces__rosidl_typesupport_fastrtps_cpp.dir/rosidl_typesupport_fastrtps_cpp/sc2_bridge_interfaces/srv/detail/dds_fastrtps/spawn_units__type_support.cpp.o\n'}
[2.328524] (sc2_bridge_interfaces) StdoutLine: {'line': b'[ 43%] Building CXX object CMakeFiles/sc2_bridge_interfaces__rosidl_typesupport_fastrtps_cpp.dir/rosidl_typesupport_fastrtps_cpp/sc2_bridge_interfaces/msg/detail/dds_fastrtps/contact_mark__type_support.cpp.o\n'}
[2.331609] (sc2_bridge_interfaces) StdoutLine: {'line': b'[ 44%] Building CXX object CMakeFiles/sc2_bridge_interfaces__rosidl_typesupport_fastrtps_cpp.dir/rosidl_typesupport_fastrtps_cpp/sc2_bridge_interfaces/action/detail/dds_fastrtps/attack__type_support.cpp.o\n'}
[2.331727] (sc2_bridge_interfaces) StdoutLine: {'line': b'[ 45%] Building CXX object CMakeFiles/sc2_bridge_interfaces__rosidl_typesupport_fastrtps_cpp.dir/rosidl_typesupport_fastrtps_cpp/sc2_bridge_interfaces/msg/detail/dds_fastrtps/contact_mark_array__type_support.cpp.o\n'}
[2.332915] (sc2_bridge_interfaces) StdoutLine: {'line': b'[ 46%] Building CXX object CMakeFiles/sc2_bridge_interfaces__rosidl_typesupport_fastrtps_cpp.dir/rosidl_typesupport_fastrtps_cpp/sc2_bridge_interfaces/msg/detail/dds_fastrtps/game_info__type_support.cpp.o\n'}
[2.348475] (sc2_bridge_interfaces) StdoutLine: {'line': b'[ 47%] Building CXX object CMakeFiles/sc2_bridge_interfaces__rosidl_typesupport_fastrtps_cpp.dir/rosidl_typesupport_fastrtps_cpp/sc2_bridge_interfaces/action/detail/dds_fastrtps/move__type_support.cpp.o\n'}
[2.404682] (-) TimerEvent: {}
[2.442720] (sc2_bridge_interfaces) StdoutLine: {'line': b'[ 48%] Building CXX object CMakeFiles/sc2_bridge_interfaces__rosidl_typesupport_c.dir/rosidl_typesupport_c/sc2_bridge_interfaces/msg/contact_mark__type_support.cpp.o\n'}
[2.446546] (sc2_bridge_interfaces) StdoutLine: {'line': b'[ 50%] Building CXX object CMakeFiles/sc2_bridge_interfaces__rosidl_typesupport_c.dir/rosidl_typesupport_c/sc2_bridge_interfaces/msg/contact_mark_array__type_support.cpp.o\n'}
[2.505328] (-) TimerEvent: {}
[2.515937] (sc2_bridge_interfaces) StdoutLine: {'line': b'[ 51%] Building CXX object CMakeFiles/sc2_bridge_interfaces__rosidl_typesupport_c.dir/rosidl_typesupport_c/sc2_bridge_interfaces/msg/game_info__type_support.cpp.o\n'}
[2.542960] (sc2_bridge_interfaces) StdoutLine: {'line': b'[ 52%] Building CXX object CMakeFiles/sc2_bridge_interfaces__rosidl_typesupport_c.dir/rosidl_typesupport_c/sc2_bridge_interfaces/msg/unit_state__type_support.cpp.o\n'}
[2.552605] (sc2_bridge_interfaces) StdoutLine: {'line': b'[ 54%] Building CXX object CMakeFiles/sc2_bridge_interfaces__rosidl_typesupport_c.dir/rosidl_typesupport_c/sc2_bridge_interfaces/msg/unit_state_array__type_support.cpp.o\n'}
[2.552884] (sc2_bridge_interfaces) StdoutLine: {'line': b'[ 54%] Building CXX object CMakeFiles/sc2_bridge_interfaces__rosidl_typesupport_c.dir/rosidl_typesupport_c/sc2_bridge_interfaces/srv/kill_units__type_support.cpp.o\n'}
[2.562398] (sc2_bridge_interfaces) StdoutLine: {'line': b'[ 55%] Linking CXX shared library libsc2_bridge_interfaces__rosidl_typesupport_cpp.so\n'}
[2.563242] (sc2_bridge_interfaces) StdoutLine: {'line': b'[ 56%] Building CXX object CMakeFiles/sc2_bridge_interfaces__rosidl_typesupport_fastrtps_c.dir/rosidl_typesupport_fastrtps_c/sc2_bridge_interfaces/msg/detail/contact_mark__type_support_c.cpp.o\n'}
[2.579690] (sc2_bridge_interfaces) StdoutLine: {'line': b'[ 57%] Building C object CMakeFiles/sc2_bridge_interfaces__rosidl_typesupport_introspection_c.dir/rosidl_typesupport_introspection_c/sc2_bridge_interfaces/msg/detail/contact_mark__type_support.c.o\n'}
[2.582419] (sc2_bridge_interfaces) StdoutLine: {'line': b'[ 58%] Building CXX object CMakeFiles/sc2_bridge_interfaces__rosidl_typesupport_fastrtps_c.dir/rosidl_typesupport_fastrtps_c/sc2_bridge_interfaces/msg/detail/contact_mark_array__type_support_c.cpp.o\n'}
[2.605697] (sc2_bridge_interfaces) StdoutLine: {'line': b'[ 60%] Building CXX object CMakeFiles/sc2_bridge_interfaces__rosidl_typesupport_c.dir/rosidl_typesupport_c/sc2_bridge_interfaces/srv/spawn_units__type_support.cpp.o\n'}
[2.605980] (-) TimerEvent: {}
[2.607842] (sc2_bridge_interfaces) StdoutLine: {'line': b'[ 60%] Building CXX object CMakeFiles/sc2_bridge_interfaces__rosidl_typesupport_c.dir/rosidl_typesupport_c/sc2_bridge_interfaces/action/attack__type_support.cpp.o\n'}
[2.614683] (sc2_bridge_interfaces) StdoutLine: {'line': b'[ 60%] Built target sc2_bridge_interfaces__rosidl_typesupport_cpp\n'}
[2.625915] (sc2_bridge_interfaces) StdoutLine: {'line': b'[ 61%] Building CXX object CMakeFiles/sc2_bridge_interfaces__rosidl_typesupport_c.dir/rosidl_typesupport_c/sc2_bridge_interfaces/action/move__type_support.cpp.o\n'}
[2.631412] (sc2_bridge_interfaces) StdoutLine: {'line': b'[ 62%] Building C object CMakeFiles/sc2_bridge_interfaces__rosidl_typesupport_introspection_c.dir/rosidl_typesupport_introspection_c/sc2_bridge_interfaces/msg/detail/contact_mark_array__type_support.c.o\n'}
[2.665617] (sc2_bridge_interfaces) StdoutLine: {'line': b'[ 64%] Building CXX object CMakeFiles/sc2_bridge_interfaces__rosidl_typesupport_fastrtps_c.dir/rosidl_typesupport_fastrtps_c/sc2_bridge_interfaces/msg/detail/game_info__type_support_c.cpp.o\n'}
[2.666990] (sc2_bridge_interfaces) StdoutLine: {'line': b'[ 64%] Building C object CMakeFiles/sc2_bridge_interfaces__rosidl_typesupport_introspection_c.dir/rosidl_typesupport_introspection_c/sc2_bridge_interfaces/msg/detail/game_info__type_support.c.o\n'}
[2.686001] (sc2_bridge_interfaces) StdoutLine: {'line': b'[ 66%] Building CXX object CMakeFiles/sc2_bridge_interfaces__rosidl_typesupport_fastrtps_c.dir/rosidl_typesupport_fastrtps_c/sc2_bridge_interfaces/msg/detail/unit_state__type_support_c.cpp.o\n'}
[2.686288] (sc2_bridge_interfaces) StdoutLine: {'line': b'[ 66%] Building C object CMakeFiles/sc2_bridge_interfaces__rosidl_typesupport_introspection_c.dir/rosidl_typesupport_introspection_c/sc2_bridge_interfaces/msg/detail/unit_state__type_support.c.o\n'}
[2.695684] (sc2_bridge_interfaces) StdoutLine: {'line': b'[ 67%] Building C object CMakeFiles/sc2_bridge_interfaces__rosidl_typesupport_introspection_c.dir/rosidl_typesupport_introspection_c/sc2_bridge_interfaces/msg/detail/unit_state_array__type_support.c.o\n'}
[2.706152] (-) TimerEvent: {}
[2.713394] (sc2_bridge_interfaces) StdoutLine: {'line': b'[ 68%] Building C object CMakeFiles/sc2_bridge_interfaces__rosidl_typesupport_introspection_c.dir/rosidl_typesupport_introspection_c/sc2_bridge_interfaces/srv/detail/kill_units__type_support.c.o\n'}
[2.730696] (sc2_bridge_interfaces) StdoutLine: {'line': b'[ 69%] Building C object CMakeFiles/sc2_bridge_interfaces__rosidl_typesupport_introspection_c.dir/rosidl_typesupport_introspection_c/sc2_bridge_interfaces/action/detail/attack__type_support.c.o\n'}
[2.736247] (sc2_bridge_interfaces) StdoutLine: {'line': b'[ 70%] Building C object CMakeFiles/sc2_bridge_interfaces__rosidl_typesupport_introspection_c.dir/rosidl_typesupport_introspection_c/sc2_bridge_interfaces/srv/detail/spawn_units__type_support.c.o\n'}
[2.740685] (sc2_bridge_interfaces) StdoutLine: {'line': b'[ 71%] Building CXX object CMakeFiles/sc2_bridge_interfaces__rosidl_typesupport_fastrtps_c.dir/rosidl_typesupport_fastrtps_c/sc2_bridge_interfaces/msg/detail/unit_state_array__type_support_c.cpp.o\n'}
[2.742205] (sc2_bridge_interfaces) StdoutLine: {'line': b'[ 72%] Linking CXX shared library libsc2_bridge_interfaces__rosidl_typesupport_c.so\n'}
[2.744743] (sc2_bridge_interfaces) StdoutLine: {'line': b'[ 73%] Building CXX object CMakeFiles/sc2_bridge_interfaces__rosidl_typesupport_fastrtps_c.dir/rosidl_typesupport_fastrtps_c/sc2_bridge_interfaces/srv/detail/kill_units__type_support_c.cpp.o\n'}
[2.753665] (sc2_bridge_interfaces) StdoutLine: {'line': b'[ 75%] Building CXX object CMakeFiles/sc2_bridge_interfaces__rosidl_typesupport_fastrtps_c.dir/rosidl_typesupport_fastrtps_c/sc2_bridge_interfaces/action/detail/attack__type_support_c.cpp.o\n'}
[2.753921] (sc2_bridge_interfaces) StdoutLine: {'line': b'[ 76%] Building C object CMakeFiles/sc2_bridge_interfaces__rosidl_typesupport_introspection_c.dir/rosidl_typesupport_introspection_c/sc2_bridge_interfaces/action/detail/move__type_support.c.o\n'}
[2.757710] (sc2_bridge_interfaces) StdoutLine: {'line': b'[ 77%] Building CXX object CMakeFiles/sc2_bridge_interfaces__rosidl_typesupport_fastrtps_c.dir/rosidl_typesupport_fastrtps_c/sc2_bridge_interfaces/srv/detail/spawn_units__type_support_c.cpp.o\n'}
[2.771396] (sc2_bridge_interfaces) StdoutLine: {'line': b'[ 78%] Building CXX object CMakeFiles/sc2_bridge_interfaces__rosidl_typesupport_fastrtps_c.dir/rosidl_typesupport_fastrtps_c/sc2_bridge_interfaces/action/detail/move__type_support_c.cpp.o\n'}
[2.797382] (sc2_bridge_interfaces) StdoutLine: {'line': b'[ 78%] Built target sc2_bridge_interfaces__rosidl_typesupport_c\n'}
[2.804670] (sc2_bridge_interfaces) StdoutLine: {'line': b'[ 79%] Linking C shared library libsc2_bridge_interfaces__rosidl_typesupport_introspection_c.so\n'}
[2.806235] (-) TimerEvent: {}
[2.844415] (sc2_bridge_interfaces) StdoutLine: {'line': b'[ 79%] Built target sc2_bridge_interfaces__rosidl_typesupport_introspection_c\n'}
[2.906405] (-) TimerEvent: {}
[2.929031] (sc2_bridge_interfaces) StdoutLine: {'line': b'[ 80%] Linking CXX shared library libsc2_bridge_interfaces__rosidl_typesupport_introspection_cpp.so\n'}
[2.978212] (sc2_bridge_interfaces) StdoutLine: {'line': b'[ 81%] Linking CXX shared library libsc2_bridge_interfaces__rosidl_typesupport_fastrtps_cpp.so\n'}
[2.999195] (sc2_bridge_interfaces) StdoutLine: {'line': b'[ 81%] Built target sc2_bridge_interfaces__rosidl_typesupport_introspection_cpp\n'}
[3.006507] (-) TimerEvent: {}
[3.032169] (sc2_bridge_interfaces) StdoutLine: {'line': b'[ 81%] Built target sc2_bridge_interfaces__rosidl_typesupport_fastrtps_cpp\n'}
[3.058329] (sc2_bridge_interfaces) StdoutLine: {'line': b'[ 82%] Linking CXX shared library libsc2_bridge_interfaces__rosidl_typesupport_fastrtps_c.so\n'}
[3.106663] (-) TimerEvent: {}
[3.113176] (sc2_bridge_interfaces) StdoutLine: {'line': b'[ 82%] Built target sc2_bridge_interfaces__rosidl_typesupport_fastrtps_c\n'}
[3.128794] (sc2_bridge_interfaces) StdoutLine: {'line': b'[ 82%] Built target sc2_bridge_interfaces\n'}
[3.143681] (sc2_bridge_interfaces) StdoutLine: {'line': b'[ 83%] Generating Python code for ROS interfaces\n'}
[3.207340] (-) TimerEvent: {}
[3.307662] (-) TimerEvent: {}
[3.408429] (-) TimerEvent: {}
[3.509292] (-) TimerEvent: {}
[3.609723] (-) TimerEvent: {}
[3.709966] (-) TimerEvent: {}
[3.810138] (-) TimerEvent: {}
[3.910363] (-) TimerEvent: {}
[4.010632] (-) TimerEvent: {}
[4.014091] (sc2_bridge_interfaces) StdoutLine: {'line': b'[ 83%] Built target sc2_bridge_interfaces__py\n'}
[4.028148] (sc2_bridge_interfaces) StdoutLine: {'line': b'[ 85%] Building C object CMakeFiles/sc2_bridge_interfaces__rosidl_generator_py.dir/rosidl_generator_py/sc2_bridge_interfaces/srv/_spawn_units_s.c.o\n'}
[4.028345] (sc2_bridge_interfaces) StdoutLine: {'line': b'[ 85%] Building C object CMakeFiles/sc2_bridge_interfaces__rosidl_generator_py.dir/rosidl_generator_py/sc2_bridge_interfaces/msg/_unit_state_array_s.c.o\n'}
[4.029336] (sc2_bridge_interfaces) StdoutLine: {'line': b'[ 90%] Building C object CMakeFiles/sc2_bridge_interfaces__rosidl_generator_py.dir/rosidl_generator_py/sc2_bridge_interfaces/srv/_kill_units_s.c.o\n'}
[4.029378] (sc2_bridge_interfaces) StdoutLine: {'line': b'[ 90%] Building C object CMakeFiles/sc2_bridge_interfaces__rosidl_generator_py.dir/rosidl_generator_py/sc2_bridge_interfaces/msg/_contact_mark_s.c.o\n'}
[4.029399] (sc2_bridge_interfaces) StdoutLine: {'line': b'[ 90%] Building C object CMakeFiles/sc2_bridge_interfaces__rosidl_generator_py.dir/rosidl_generator_py/sc2_bridge_interfaces/msg/_unit_state_s.c.o\n'}
[4.029416] (sc2_bridge_interfaces) StdoutLine: {'line': b'[ 92%] Building C object CMakeFiles/sc2_bridge_interfaces__rosidl_generator_py.dir/rosidl_generator_py/sc2_bridge_interfaces/action/_attack_s.c.o\n'}
[4.029432] (sc2_bridge_interfaces) StdoutLine: {'line': b'[ 90%] Building C object CMakeFiles/sc2_bridge_interfaces__rosidl_generator_py.dir/rosidl_generator_py/sc2_bridge_interfaces/msg/_game_info_s.c.o\n'}
[4.029448] (sc2_bridge_interfaces) StdoutLine: {'line': b'[ 90%] Building C object CMakeFiles/sc2_bridge_interfaces__rosidl_generator_py.dir/rosidl_generator_py/sc2_bridge_interfaces/msg/_contact_mark_array_s.c.o\n'}
[4.029464] (sc2_bridge_interfaces) StdoutLine: {'line': b'[ 92%] Building C object CMakeFiles/sc2_bridge_interfaces__rosidl_generator_py.dir/rosidl_generator_py/sc2_bridge_interfaces/action/_move_s.c.o\n'}
[4.110757] (-) TimerEvent: {}
[4.124005] (sc2_bridge_interfaces) StdoutLine: {'line': b'[ 93%] Linking C shared library rosidl_generator_py/sc2_bridge_interfaces/libsc2_bridge_interfaces__rosidl_generator_py.so\n'}
[4.156772] (sc2_bridge_interfaces) StdoutLine: {'line': b'[ 93%] Built target sc2_bridge_interfaces__rosidl_generator_py\n'}
[4.171490] (sc2_bridge_interfaces) StdoutLine: {'line': b'[ 96%] Building C object CMakeFiles/sc2_bridge_interfaces__rosidl_typesupport_c__pyext.dir/rosidl_generator_py/sc2_bridge_interfaces/_sc2_bridge_interfaces_s.ep.rosidl_typesupport_c.c.o\n'}
[4.171602] (sc2_bridge_interfaces) StdoutLine: {'line': b'[ 96%] Building C object CMakeFiles/sc2_bridge_interfaces__rosidl_typesupport_fastrtps_c__pyext.dir/rosidl_generator_py/sc2_bridge_interfaces/_sc2_bridge_interfaces_s.ep.rosidl_typesupport_fastrtps_c.c.o\n'}
[4.171667] (sc2_bridge_interfaces) StdoutLine: {'line': b'[ 96%] Building C object CMakeFiles/sc2_bridge_interfaces__rosidl_typesupport_introspection_c__pyext.dir/rosidl_generator_py/sc2_bridge_interfaces/_sc2_bridge_interfaces_s.ep.rosidl_typesupport_introspection_c.c.o\n'}
[4.210859] (-) TimerEvent: {}
[4.258044] (sc2_bridge_interfaces) StdoutLine: {'line': b'[ 97%] Linking C shared library rosidl_generator_py/sc2_bridge_interfaces/sc2_bridge_interfaces_s__rosidl_typesupport_introspection_c.cpython-310-x86_64-linux-gnu.so\n'}
[4.259343] (sc2_bridge_interfaces) StdoutLine: {'line': b'[100%] Linking C shared library rosidl_generator_py/sc2_bridge_interfaces/sc2_bridge_interfaces_s__rosidl_typesupport_c.cpython-310-x86_64-linux-gnu.so\n'}
[4.259383] (sc2_bridge_interfaces) StdoutLine: {'line': b'[100%] Linking C shared library rosidl_generator_py/sc2_bridge_interfaces/sc2_bridge_interfaces_s__rosidl_typesupport_fastrtps_c.cpython-310-x86_64-linux-gnu.so\n'}
[4.289723] (sc2_bridge_interfaces) StdoutLine: {'line': b'[100%] Built target sc2_bridge_interfaces__rosidl_typesupport_fastrtps_c__pyext\n'}
[4.289903] (sc2_bridge_interfaces) StdoutLine: {'line': b'[100%] Built target sc2_bridge_interfaces__rosidl_typesupport_introspection_c__pyext\n'}
[4.289975] (sc2_bridge_interfaces) StdoutLine: {'line': b'[100%] Built target sc2_bridge_interfaces__rosidl_typesupport_c__pyext\n'}
[4.298731] (sc2_bridge_interfaces) CommandEnded: {'returncode': 0}
[4.299630] (sc2_bridge_interfaces) JobProgress: {'identifier': 'sc2_bridge_interfaces', 'progress': 'install'}
[4.305281] (sc2_bridge_interfaces) Command: {'cmd': ['/usr/bin/cmake', '--install', '/home/ros/ws/ros2_ws/build/sc2_bridge_interfaces'], 'cwd': '/home/ros/ws/ros2_ws/build/sc2_bridge_interfaces', 'env': OrderedDict([('HOSTNAME', 'bd0fd62f0b1c'), ('SHLVL', '1'), ('LD_LIBRARY_PATH', '/opt/ros/humble/opt/rviz_ogre_vendor/lib:/opt/ros/humble/lib/x86_64-linux-gnu:/opt/ros/humble/lib'), ('HOME', '/home/ros'), ('ROS_PYTHON_VERSION', '3'), ('SC2_MAP', '/StarCraftII/maps/Flat482Spawns.SC2Map'), ('ROS_DISTRO', 'humble'), ('_', '/usr/bin/colcon'), ('ROS_VERSION', '2'), ('ROS_LOCALHOST_ONLY', '0'), ('PATH', '/opt/ros/humble/bin:/usr/local/sbin:/usr/local/bin:/usr/sbin:/usr/bin:/sbin:/bin'), ('DISPLAY', ':1'), ('LANG', 'C.UTF-8'), ('XAUTHORITY', '/run/user/1000/gdm/Xauthority'), ('AMENT_PREFIX_PATH', '/opt/ros/humble'), ('SC2_HOST', 'sc2-server'), ('PWD', '/home/ros/ws/ros2_ws/build/sc2_bridge_interfaces'), ('LC_ALL', 'C.UTF-8'), ('PYTHONPATH', '/opt/ros/humble/lib/python3.10/site-packages:/opt/ros/humble/local/lib/python3.10/dist-packages'), ('COLCON', '1'), ('SC2_PORT', '8167')]), 'shell': False}
[4.310933] (sc2_bridge_interfaces) StdoutLine: {'line': b'-- Install configuration: ""\n'}
[4.310968] (-) TimerEvent: {}
[4.311083] (sc2_bridge_interfaces) StdoutLine: {'line': b'-- Installing: /home/ros/ws/ros2_ws/install/sc2_bridge_interfaces/share/ament_index/resource_index/rosidl_interfaces/sc2_bridge_interfaces\n'}
[4.311245] (sc2_bridge_interfaces) StdoutLine: {'line': b'-- Installing: /home/ros/ws/ros2_ws/install/sc2_bridge_interfaces/include/sc2_bridge_interfaces/sc2_bridge_interfaces\n'}
[4.311457] (sc2_bridge_interfaces) StdoutLine: {'line': b'-- Installing: /home/ros/ws/ros2_ws/install/sc2_bridge_interfaces/include/sc2_bridge_interfaces/sc2_bridge_interfaces/srv\n'}
[4.311501] (sc2_bridge_interfaces) StdoutLine: {'line': b'-- Installing: /home/ros/ws/ros2_ws/install/sc2_bridge_interfaces/include/sc2_bridge_interfaces/sc2_bridge_interfaces/srv/spawn_units.h\n'}
[4.311536] (sc2_bridge_interfaces) StdoutLine: {'line': b'-- Installing: /home/ros/ws/ros2_ws/install/sc2_bridge_interfaces/include/sc2_bridge_interfaces/sc2_bridge_interfaces/srv/detail\n'}
[4.311567] (sc2_bridge_interfaces) StdoutLine: {'line': b'-- Installing: /home/ros/ws/ros2_ws/install/sc2_bridge_interfaces/include/sc2_bridge_interfaces/sc2_bridge_interfaces/srv/detail/kill_units__type_support.h\n'}
[4.311662] (sc2_bridge_interfaces) StdoutLine: {'line': b'-- Installing: /home/ros/ws/ros2_ws/install/sc2_bridge_interfaces/include/sc2_bridge_interfaces/sc2_bridge_interfaces/srv/detail/kill_units__functions.h\n'}
[4.311696] (sc2_bridge_interfaces) StdoutLine: {'line': b'-- Installing: /home/ros/ws/ros2_ws/install/sc2_bridge_interfaces/include/sc2_bridge_interfaces/sc2_bridge_interfaces/srv/detail/kill_units__struct.h\n'}
[4.311727] (sc2_bridge_interfaces) StdoutLine: {'line': b'-- Installing: /home/ros/ws/ros2_ws/install/sc2_bridge_interfaces/include/sc2_bridge_interfaces/sc2_bridge_interfaces/srv/detail/spawn_units__functions.h\n'}
[4.311782] (sc2_bridge_interfaces) StdoutLine: {'line': b'-- Installing: /home/ros/ws/ros2_ws/install/sc2_bridge_interfaces/include/sc2_bridge_interfaces/sc2_bridge_interfaces/srv/detail/kill_units__functions.c\n'}
[4.311861] (sc2_bridge_interfaces) StdoutLine: {'line': b'-- Installing: /home/ros/ws/ros2_ws/install/sc2_bridge_interfaces/include/sc2_bridge_interfaces/sc2_bridge_interfaces/srv/detail/spawn_units__functions.c\n'}
[4.311890] (sc2_bridge_interfaces) StdoutLine: {'line': b'-- Installing: /home/ros/ws/ros2_ws/install/sc2_bridge_interfaces/include/sc2_bridge_interfaces/sc2_bridge_interfaces/srv/detail/spawn_units__type_support.h\n'}
[4.311917] (sc2_bridge_interfaces) StdoutLine: {'line': b'-- Installing: /home/ros/ws/ros2_ws/install/sc2_bridge_interfaces/include/sc2_bridge_interfaces/sc2_bridge_interfaces/srv/detail/spawn_units__struct.h\n'}
[4.311973] (sc2_bridge_interfaces) StdoutLine: {'line': b'-- Installing: /home/ros/ws/ros2_ws/install/sc2_bridge_interfaces/include/sc2_bridge_interfaces/sc2_bridge_interfaces/srv/kill_units.h\n'}
[4.312003] (sc2_bridge_interfaces) StdoutLine: {'line': b'-- Installing: /home/ros/ws/ros2_ws/install/sc2_bridge_interfaces/include/sc2_bridge_interfaces/sc2_bridge_interfaces/msg\n'}
[4.312060] (sc2_bridge_interfaces) StdoutLine: {'line': b'-- Installing: /home/ros/ws/ros2_ws/install/sc2_bridge_interfaces/include/sc2_bridge_interfaces/sc2_bridge_interfaces/msg/rosidl_generator_c__visibility_control.h\n'}
[4.312090] (sc2_bridge_interfaces) StdoutLine: {'line': b'-- Installing: /home/ros/ws/ros2_ws/install/sc2_bridge_interfaces/include/sc2_bridge_interfaces/sc2_bridge_interfaces/msg/contact_mark_array.h\n'}
[4.312142] (sc2_bridge_interfaces) StdoutLine: {'line': b'-- Installing: /home/ros/ws/ros2_ws/install/sc2_bridge_interfaces/include/sc2_bridge_interfaces/sc2_bridge_interfaces/msg/unit_state.h\n'}
[4.312196] (sc2_bridge_interfaces) StdoutLine: {'line': b'-- Installing: /home/ros/ws/ros2_ws/install/sc2_bridge_interfaces/include/sc2_bridge_interfaces/sc2_bridge_interfaces/msg/contact_mark.h\n'}
[4.312248] (sc2_bridge_interfaces) StdoutLine: {'line': b'-- Installing: /home/ros/ws/ros2_ws/install/sc2_bridge_interfaces/include/sc2_bridge_interfaces/sc2_bridge_interfaces/msg/detail\n'}
[4.312304] (sc2_bridge_interfaces) StdoutLine: {'line': b'-- Installing: /home/ros/ws/ros2_ws/install/sc2_bridge_interfaces/include/sc2_bridge_interfaces/sc2_bridge_interfaces/msg/detail/unit_state_array__type_support.h\n'}
[4.312360] (sc2_bridge_interfaces) StdoutLine: {'line': b'-- Installing: /home/ros/ws/ros2_ws/install/sc2_bridge_interfaces/include/sc2_bridge_interfaces/sc2_bridge_interfaces/msg/detail/contact_mark__type_support.h\n'}
[4.312410] (sc2_bridge_interfaces) StdoutLine: {'line': b'-- Installing: /home/ros/ws/ros2_ws/install/sc2_bridge_interfaces/include/sc2_bridge_interfaces/sc2_bridge_interfaces/msg/detail/unit_state_array__functions.h\n'}
[4.312461] (sc2_bridge_interfaces) StdoutLine: {'line': b'-- Installing: /home/ros/ws/ros2_ws/install/sc2_bridge_interfaces/include/sc2_bridge_interfaces/sc2_bridge_interfaces/msg/detail/game_info__type_support.h\n'}
[4.312513] (sc2_bridge_interfaces) StdoutLine: {'line': b'-- Installing: /home/ros/ws/ros2_ws/install/sc2_bridge_interfaces/include/sc2_bridge_interfaces/sc2_bridge_interfaces/msg/detail/unit_state__functions.h\n'}
[4.312564] (sc2_bridge_interfaces) StdoutLine: {'line': b'-- Installing: /home/ros/ws/ros2_ws/install/sc2_bridge_interfaces/include/sc2_bridge_interfaces/sc2_bridge_interfaces/msg/detail/unit_state_array__struct.h\n'}
[4.312636] (sc2_bridge_interfaces) StdoutLine: {'line': b'-- Installing: /home/ros/ws/ros2_ws/install/sc2_bridge_interfaces/include/sc2_bridge_interfaces/sc2_bridge_interfaces/msg/detail/game_info__functions.h\n'}
[4.312692] (sc2_bridge_interfaces) StdoutLine: {'line': b'-- Installing: /home/ros/ws/ros2_ws/install/sc2_bridge_interfaces/include/sc2_bridge_interfaces/sc2_bridge_interfaces/msg/detail/game_info__struct.h\n'}
[4.312749] (sc2_bridge_interfaces) StdoutLine: {'line': b'-- Installing: /home/ros/ws/ros2_ws/install/sc2_bridge_interfaces/include/sc2_bridge_interfaces/sc2_bridge_interfaces/msg/detail/unit_state_array__functions.c\n'}
[4.312812] (sc2_bridge_interfaces) StdoutLine: {'line': b'-- Installing: /home/ros/ws/ros2_ws/install/sc2_bridge_interfaces/include/sc2_bridge_interfaces/sc2_bridge_interfaces/msg/detail/unit_state__type_support.h\n'}
[4.312869] (sc2_bridge_interfaces) StdoutLine: {'line': b'-- Installing: /home/ros/ws/ros2_ws/install/sc2_bridge_interfaces/include/sc2_bridge_interfaces/sc2_bridge_interfaces/msg/detail/contact_mark_array__struct.h\n'}
[4.312925] (sc2_bridge_interfaces) StdoutLine: {'line': b'-- Installing: /home/ros/ws/ros2_ws/install/sc2_bridge_interfaces/include/sc2_bridge_interfaces/sc2_bridge_interfaces/msg/detail/contact_mark__struct.h\n'}
[4.312984] (sc2_bridge_interfaces) StdoutLine: {'line': b'-- Installing: /home/ros/ws/ros2_ws/install/sc2_bridge_interfaces/include/sc2_bridge_interfaces/sc2_bridge_interfaces/msg/detail/contact_mark_array__type_support.h\n'}
[4.313042] (sc2_bridge_interfaces) StdoutLine: {'line': b'-- Installing: /home/ros/ws/ros2_ws/install/sc2_bridge_interfaces/include/sc2_bridge_interfaces/sc2_bridge_interfaces/msg/detail/contact_mark__functions.h\n'}
[4.313103] (sc2_bridge_interfaces) StdoutLine: {'line': b'-- Installing: /home/ros/ws/ros2_ws/install/sc2_bridge_interfaces/include/sc2_bridge_interfaces/sc2_bridge_interfaces/msg/detail/contact_mark_array__functions.h\n'}
[4.313166] (sc2_bridge_interfaces) StdoutLine: {'line': b'-- Installing: /home/ros/ws/ros2_ws/install/sc2_bridge_interfaces/include/sc2_bridge_interfaces/sc2_bridge_interfaces/msg/detail/unit_state__struct.h\n'}
[4.313223] (sc2_bridge_interfaces) StdoutLine: {'line': b'-- Installing: /home/ros/ws/ros2_ws/install/sc2_bridge_interfaces/include/sc2_bridge_interfaces/sc2_bridge_interfaces/msg/detail/contact_mark__functions.c\n'}
[4.313284] (sc2_bridge_interfaces) StdoutLine: {'line': b'-- Installing: /home/ros/ws/ros2_ws/install/sc2_bridge_interfaces/include/sc2_bridge_interfaces/sc2_bridge_interfaces/msg/detail/unit_state__functions.c\n'}
[4.313344] (sc2_bridge_interfaces) StdoutLine: {'line': b'-- Installing: /home/ros/ws/ros2_ws/install/sc2_bridge_interfaces/include/sc2_bridge_interfaces/sc2_bridge_interfaces/msg/detail/contact_mark_array__functions.c\n'}
[4.313407] (sc2_bridge_interfaces) StdoutLine: {'line': b'-- Installing: /home/ros/ws/ros2_ws/install/sc2_bridge_interfaces/include/sc2_bridge_interfaces/sc2_bridge_interfaces/msg/detail/game_info__functions.c\n'}
[4.313466] (sc2_bridge_interfaces) StdoutLine: {'line': b'-- Installing: /home/ros/ws/ros2_ws/install/sc2_bridge_interfaces/include/sc2_bridge_interfaces/sc2_bridge_interfaces/msg/game_info.h\n'}
[4.313524] (sc2_bridge_interfaces) StdoutLine: {'line': b'-- Installing: /home/ros/ws/ros2_ws/install/sc2_bridge_interfaces/include/sc2_bridge_interfaces/sc2_bridge_interfaces/msg/unit_state_array.h\n'}
[4.313577] (sc2_bridge_interfaces) StdoutLine: {'line': b'-- Installing: /home/ros/ws/ros2_ws/install/sc2_bridge_interfaces/include/sc2_bridge_interfaces/sc2_bridge_interfaces/action\n'}
[4.313632] (sc2_bridge_interfaces) StdoutLine: {'line': b'-- Installing: /home/ros/ws/ros2_ws/install/sc2_bridge_interfaces/include/sc2_bridge_interfaces/sc2_bridge_interfaces/action/attack.h\n'}
[4.313682] (sc2_bridge_interfaces) StdoutLine: {'line': b'-- Installing: /home/ros/ws/ros2_ws/install/sc2_bridge_interfaces/include/sc2_bridge_interfaces/sc2_bridge_interfaces/action/detail\n'}
[4.313734] (sc2_bridge_interfaces) StdoutLine: {'line': b'-- Installing: /home/ros/ws/ros2_ws/install/sc2_bridge_interfaces/include/sc2_bridge_interfaces/sc2_bridge_interfaces/action/detail/attack__struct.h\n'}
[4.313785] (sc2_bridge_interfaces) StdoutLine: {'line': b'-- Installing: /home/ros/ws/ros2_ws/install/sc2_bridge_interfaces/include/sc2_bridge_interfaces/sc2_bridge_interfaces/action/detail/move__functions.h\n'}
[4.313849] (sc2_bridge_interfaces) StdoutLine: {'line': b'-- Installing: /home/ros/ws/ros2_ws/install/sc2_bridge_interfaces/include/sc2_bridge_interfaces/sc2_bridge_interfaces/action/detail/move__type_support.h\n'}
[4.313908] (sc2_bridge_interfaces) StdoutLine: {'line': b'-- Installing: /home/ros/ws/ros2_ws/install/sc2_bridge_interfaces/include/sc2_bridge_interfaces/sc2_bridge_interfaces/action/detail/move__functions.c\n'}
[4.313992] (sc2_bridge_interfaces) StdoutLine: {'line': b'-- Installing: /home/ros/ws/ros2_ws/install/sc2_bridge_interfaces/include/sc2_bridge_interfaces/sc2_bridge_interfaces/action/detail/move__struct.h\n'}
[4.314049] (sc2_bridge_interfaces) StdoutLine: {'line': b'-- Installing: /home/ros/ws/ros2_ws/install/sc2_bridge_interfaces/include/sc2_bridge_interfaces/sc2_bridge_interfaces/action/detail/attack__functions.c\n'}
[4.314130] (sc2_bridge_interfaces) StdoutLine: {'line': b'-- Installing: /home/ros/ws/ros2_ws/install/sc2_bridge_interfaces/include/sc2_bridge_interfaces/sc2_bridge_interfaces/action/detail/attack__type_support.h\n'}
[4.314188] (sc2_bridge_interfaces) StdoutLine: {'line': b'-- Installing: /home/ros/ws/ros2_ws/install/sc2_bridge_interfaces/include/sc2_bridge_interfaces/sc2_bridge_interfaces/action/detail/attack__functions.h\n'}
[4.314265] (sc2_bridge_interfaces) StdoutLine: {'line': b'-- Installing: /home/ros/ws/ros2_ws/install/sc2_bridge_interfaces/include/sc2_bridge_interfaces/sc2_bridge_interfaces/action/move.h\n'}
[4.314385] (sc2_bridge_interfaces) StdoutLine: {'line': b'-- Installing: /home/ros/ws/ros2_ws/install/sc2_bridge_interfaces/share/sc2_bridge_interfaces/environment/library_path.sh\n'}
[4.314468] (sc2_bridge_interfaces) StdoutLine: {'line': b'-- Installing: /home/ros/ws/ros2_ws/install/sc2_bridge_interfaces/share/sc2_bridge_interfaces/environment/library_path.dsv\n'}
[4.314566] (sc2_bridge_interfaces) StdoutLine: {'line': b'-- Installing: /home/ros/ws/ros2_ws/install/sc2_bridge_interfaces/lib/libsc2_bridge_interfaces__rosidl_generator_c.so\n'}
[4.314886] (sc2_bridge_interfaces) StdoutLine: {'line': b'-- Set runtime path of "/home/ros/ws/ros2_ws/install/sc2_bridge_interfaces/lib/libsc2_bridge_interfaces__rosidl_generator_c.so" to ""\n'}
[4.314945] (sc2_bridge_interfaces) StdoutLine: {'line': b'-- Up-to-date: /home/ros/ws/ros2_ws/install/sc2_bridge_interfaces/include/sc2_bridge_interfaces/sc2_bridge_interfaces\n'}
[4.314973] (sc2_bridge_interfaces) StdoutLine: {'line': b'-- Up-to-date: /home/ros/ws/ros2_ws/install/sc2_bridge_interfaces/include/sc2_bridge_interfaces/sc2_bridge_interfaces/srv\n'}
[4.315025] (sc2_bridge_interfaces) StdoutLine: {'line': b'-- Up-to-date: /home/ros/ws/ros2_ws/install/sc2_bridge_interfaces/include/sc2_bridge_interfaces/sc2_bridge_interfaces/srv/detail\n'}
[4.315074] (sc2_bridge_interfaces) StdoutLine: {'line': b'-- Installing: /home/ros/ws/ros2_ws/install/sc2_bridge_interfaces/include/sc2_bridge_interfaces/sc2_bridge_interfaces/srv/detail/kill_units__rosidl_typesupport_fastrtps_c.h\n'}
[4.315101] (sc2_bridge_interfaces) StdoutLine: {'line': b'-- Installing: /home/ros/ws/ros2_ws/install/sc2_bridge_interfaces/include/sc2_bridge_interfaces/sc2_bridge_interfaces/srv/detail/spawn_units__rosidl_typesupport_fastrtps_c.h\n'}
[4.315153] (sc2_bridge_interfaces) StdoutLine: {'line': b'-- Up-to-date: /home/ros/ws/ros2_ws/install/sc2_bridge_interfaces/include/sc2_bridge_interfaces/sc2_bridge_interfaces/msg\n'}
[4.315179] (sc2_bridge_interfaces) StdoutLine: {'line': b'-- Installing: /home/ros/ws/ros2_ws/install/sc2_bridge_interfaces/include/sc2_bridge_interfaces/sc2_bridge_interfaces/msg/rosidl_typesupport_fastrtps_c__visibility_control.h\n'}
[4.315243] (sc2_bridge_interfaces) StdoutLine: {'line': b'-- Up-to-date: /home/ros/ws/ros2_ws/install/sc2_bridge_interfaces/include/sc2_bridge_interfaces/sc2_bridge_interfaces/msg/detail\n'}
[4.315270] (sc2_bridge_interfaces) StdoutLine: {'line': b'-- Installing: /home/ros/ws/ros2_ws/install/sc2_bridge_interfaces/include/sc2_bridge_interfaces/sc2_bridge_interfaces/msg/detail/unit_state__rosidl_typesupport_fastrtps_c.h\n'}
[4.315320] (sc2_bridge_interfaces) StdoutLine: {'line': b'-- Installing: /home/ros/ws/ros2_ws/install/sc2_bridge_interfaces/include/sc2_bridge_interfaces/sc2_bridge_interfaces/msg/detail/contact_mark__rosidl_typesupport_fastrtps_c.h\n'}
[4.315371] (sc2_bridge_interfaces) StdoutLine: {'line': b'-- Installing: /home/ros/ws/ros2_ws/install/sc2_bridge_interfaces/include/sc2_bridge_interfaces/sc2_bridge_interfaces/msg/detail/game_info__rosidl_typesupport_fastrtps_c.h\n'}
[4.315420] (sc2_bridge_interfaces) StdoutLine: {'line': b'-- Installing: /home/ros/ws/ros2_ws/install/sc2_bridge_interfaces/include/sc2_bridge_interfaces/sc2_bridge_interfaces/msg/detail/unit_state_array__rosidl_typesupport_fastrtps_c.h\n'}
[4.315473] (sc2_bridge_interfaces) StdoutLine: {'line': b'-- Installing: /home/ros/ws/ros2_ws/install/sc2_bridge_interfaces/include/sc2_bridge_interfaces/sc2_bridge_interfaces/msg/detail/contact_mark_array__rosidl_typesupport_fastrtps_c.h\n'}
[4.315530] (sc2_bridge_interfaces) StdoutLine: {'line': b'-- Up-to-date: /home/ros/ws/ros2_ws/install/sc2_bridge_interfaces/include/sc2_bridge_interfaces/sc2_bridge_interfaces/action\n'}
[4.315587] (sc2_bridge_interfaces) StdoutLine: {'line': b'-- Up-to-date: /home/ros/ws/ros2_ws/install/sc2_bridge_interfaces/include/sc2_bridge_interfaces/sc2_bridge_interfaces/action/detail\n'}
[4.315618] (sc2_bridge_interfaces) StdoutLine: {'line': b'-- Installing: /home/ros/ws/ros2_ws/install/sc2_bridge_interfaces/include/sc2_bridge_interfaces/sc2_bridge_interfaces/action/detail/move__rosidl_typesupport_fastrtps_c.h\n'}
[4.315669] (sc2_bridge_interfaces) StdoutLine: {'line': b'-- Installing: /home/ros/ws/ros2_ws/install/sc2_bridge_interfaces/include/sc2_bridge_interfaces/sc2_bridge_interfaces/action/detail/attack__rosidl_typesupport_fastrtps_c.h\n'}
[4.315738] (sc2_bridge_interfaces) StdoutLine: {'line': b'-- Installing: /home/ros/ws/ros2_ws/install/sc2_bridge_interfaces/lib/libsc2_bridge_interfaces__rosidl_typesupport_fastrtps_c.so\n'}
[4.315994] (sc2_bridge_interfaces) StdoutLine: {'line': b'-- Set runtime path of "/home/ros/ws/ros2_ws/install/sc2_bridge_interfaces/lib/libsc2_bridge_interfaces__rosidl_typesupport_fastrtps_c.so" to ""\n'}
[4.316047] (sc2_bridge_interfaces) StdoutLine: {'line': b'-- Up-to-date: /home/ros/ws/ros2_ws/install/sc2_bridge_interfaces/include/sc2_bridge_interfaces/sc2_bridge_interfaces\n'}
[4.316074] (sc2_bridge_interfaces) StdoutLine: {'line': b'-- Up-to-date: /home/ros/ws/ros2_ws/install/sc2_bridge_interfaces/include/sc2_bridge_interfaces/sc2_bridge_interfaces/srv\n'}
[4.316126] (sc2_bridge_interfaces) StdoutLine: {'line': b'-- Up-to-date: /home/ros/ws/ros2_ws/install/sc2_bridge_interfaces/include/sc2_bridge_interfaces/sc2_bridge_interfaces/srv/detail\n'}
[4.316154] (sc2_bridge_interfaces) StdoutLine: {'line': b'-- Installing: /home/ros/ws/ros2_ws/install/sc2_bridge_interfaces/include/sc2_bridge_interfaces/sc2_bridge_interfaces/srv/detail/kill_units__rosidl_typesupport_introspection_c.h\n'}
[4.316203] (sc2_bridge_interfaces) StdoutLine: {'line': b'-- Installing: /home/ros/ws/ros2_ws/install/sc2_bridge_interfaces/include/sc2_bridge_interfaces/sc2_bridge_interfaces/srv/detail/kill_units__type_support.c\n'}
[4.316255] (sc2_bridge_interfaces) StdoutLine: {'line': b'-- Installing: /home/ros/ws/ros2_ws/install/sc2_bridge_interfaces/include/sc2_bridge_interfaces/sc2_bridge_interfaces/srv/detail/spawn_units__rosidl_typesupport_introspection_c.h\n'}
[4.316306] (sc2_bridge_interfaces) StdoutLine: {'line': b'-- Installing: /home/ros/ws/ros2_ws/install/sc2_bridge_interfaces/include/sc2_bridge_interfaces/sc2_bridge_interfaces/srv/detail/spawn_units__type_support.c\n'}
[4.316355] (sc2_bridge_interfaces) StdoutLine: {'line': b'-- Up-to-date: /home/ros/ws/ros2_ws/install/sc2_bridge_interfaces/include/sc2_bridge_interfaces/sc2_bridge_interfaces/msg\n'}
[4.316408] (sc2_bridge_interfaces) StdoutLine: {'line': b'-- Up-to-date: /home/ros/ws/ros2_ws/install/sc2_bridge_interfaces/include/sc2_bridge_interfaces/sc2_bridge_interfaces/msg/detail\n'}
[4.316434] (sc2_bridge_interfaces) StdoutLine: {'line': b'-- Installing: /home/ros/ws/ros2_ws/install/sc2_bridge_interfaces/include/sc2_bridge_interfaces/sc2_bridge_interfaces/msg/detail/game_info__rosidl_typesupport_introspection_c.h\n'}
[4.316483] (sc2_bridge_interfaces) StdoutLine: {'line': b'-- Installing: /home/ros/ws/ros2_ws/install/sc2_bridge_interfaces/include/sc2_bridge_interfaces/sc2_bridge_interfaces/msg/detail/contact_mark_array__type_support.c\n'}
[4.316533] (sc2_bridge_interfaces) StdoutLine: {'line': b'-- Installing: /home/ros/ws/ros2_ws/install/sc2_bridge_interfaces/include/sc2_bridge_interfaces/sc2_bridge_interfaces/msg/detail/unit_state__type_support.c\n'}
[4.316600] (sc2_bridge_interfaces) StdoutLine: {'line': b'-- Installing: /home/ros/ws/ros2_ws/install/sc2_bridge_interfaces/include/sc2_bridge_interfaces/sc2_bridge_interfaces/msg/detail/unit_state__rosidl_typesupport_introspection_c.h\n'}
[4.316660] (sc2_bridge_interfaces) StdoutLine: {'line': b'-- Installing: /home/ros/ws/ros2_ws/install/sc2_bridge_interfaces/include/sc2_bridge_interfaces/sc2_bridge_interfaces/msg/detail/contact_mark__rosidl_typesupport_introspection_c.h\n'}
[4.316721] (sc2_bridge_interfaces) StdoutLine: {'line': b'-- Installing: /home/ros/ws/ros2_ws/install/sc2_bridge_interfaces/include/sc2_bridge_interfaces/sc2_bridge_interfaces/msg/detail/contact_mark_array__rosidl_typesupport_introspection_c.h\n'}
[4.316782] (sc2_bridge_interfaces) StdoutLine: {'line': b'-- Installing: /home/ros/ws/ros2_ws/install/sc2_bridge_interfaces/include/sc2_bridge_interfaces/sc2_bridge_interfaces/msg/detail/unit_state_array__type_support.c\n'}
[4.316846] (sc2_bridge_interfaces) StdoutLine: {'line': b'-- Installing: /home/ros/ws/ros2_ws/install/sc2_bridge_interfaces/include/sc2_bridge_interfaces/sc2_bridge_interfaces/msg/detail/contact_mark__type_support.c\n'}
[4.316909] (sc2_bridge_interfaces) StdoutLine: {'line': b'-- Installing: /home/ros/ws/ros2_ws/install/sc2_bridge_interfaces/include/sc2_bridge_interfaces/sc2_bridge_interfaces/msg/detail/game_info__type_support.c\n'}
[4.316976] (sc2_bridge_interfaces) StdoutLine: {'line': b'-- Installing: /home/ros/ws/ros2_ws/install/sc2_bridge_interfaces/include/sc2_bridge_interfaces/sc2_bridge_interfaces/msg/detail/unit_state_array__rosidl_typesupport_introspection_c.h\n'}
[4.317042] (sc2_bridge_interfaces) StdoutLine: {'line': b'-- Installing: /home/ros/ws/ros2_ws/install/sc2_bridge_interfaces/include/sc2_bridge_interfaces/sc2_bridge_interfaces/msg/rosidl_typesupport_introspection_c__visibility_control.h\n'}
[4.317098] (sc2_bridge_interfaces) StdoutLine: {'line': b'-- Up-to-date: /home/ros/ws/ros2_ws/install/sc2_bridge_interfaces/include/sc2_bridge_interfaces/sc2_bridge_interfaces/action\n'}
[4.317152] (sc2_bridge_interfaces) StdoutLine: {'line': b'-- Up-to-date: /home/ros/ws/ros2_ws/install/sc2_bridge_interfaces/include/sc2_bridge_interfaces/sc2_bridge_interfaces/action/detail\n'}
[4.317178] (sc2_bridge_interfaces) StdoutLine: {'line': b'-- Installing: /home/ros/ws/ros2_ws/install/sc2_bridge_interfaces/include/sc2_bridge_interfaces/sc2_bridge_interfaces/action/detail/attack__rosidl_typesupport_introspection_c.h\n'}
[4.317228] (sc2_bridge_interfaces) StdoutLine: {'line': b'-- Installing: /home/ros/ws/ros2_ws/install/sc2_bridge_interfaces/include/sc2_bridge_interfaces/sc2_bridge_interfaces/action/detail/move__type_support.c\n'}
[4.317286] (sc2_bridge_interfaces) StdoutLine: {'line': b'-- Installing: /home/ros/ws/ros2_ws/install/sc2_bridge_interfaces/include/sc2_bridge_interfaces/sc2_bridge_interfaces/action/detail/attack__type_support.c\n'}
[4.317367] (sc2_bridge_interfaces) StdoutLine: {'line': b'-- Installing: /home/ros/ws/ros2_ws/install/sc2_bridge_interfaces/include/sc2_bridge_interfaces/sc2_bridge_interfaces/action/detail/move__rosidl_typesupport_introspection_c.h\n'}
[4.317452] (sc2_bridge_interfaces) StdoutLine: {'line': b'-- Installing: /home/ros/ws/ros2_ws/install/sc2_bridge_interfaces/lib/libsc2_bridge_interfaces__rosidl_typesupport_introspection_c.so\n'}
[4.317745] (sc2_bridge_interfaces) StdoutLine: {'line': b'-- Set runtime path of "/home/ros/ws/ros2_ws/install/sc2_bridge_interfaces/lib/libsc2_bridge_interfaces__rosidl_typesupport_introspection_c.so" to ""\n'}
[4.317846] (sc2_bridge_interfaces) StdoutLine: {'line': b'-- Installing: /home/ros/ws/ros2_ws/install/sc2_bridge_interfaces/lib/libsc2_bridge_interfaces__rosidl_typesupport_c.so\n'}
[4.317941] (sc2_bridge_interfaces) StdoutLine: {'line': b'-- Set runtime path of "/home/ros/ws/ros2_ws/install/sc2_bridge_interfaces/lib/libsc2_bridge_interfaces__rosidl_typesupport_c.so" to ""\n'}
[4.318024] (sc2_bridge_interfaces) StdoutLine: {'line': b'-- Up-to-date: /home/ros/ws/ros2_ws/install/sc2_bridge_interfaces/include/sc2_bridge_interfaces/sc2_bridge_interfaces\n'}
[4.318055] (sc2_bridge_interfaces) StdoutLine: {'line': b'-- Up-to-date: /home/ros/ws/ros2_ws/install/sc2_bridge_interfaces/include/sc2_bridge_interfaces/sc2_bridge_interfaces/srv\n'}
[4.318083] (sc2_bridge_interfaces) StdoutLine: {'line': b'-- Installing: /home/ros/ws/ros2_ws/install/sc2_bridge_interfaces/include/sc2_bridge_interfaces/sc2_bridge_interfaces/srv/kill_units.hpp\n'}
[4.318139] (sc2_bridge_interfaces) StdoutLine: {'line': b'-- Up-to-date: /home/ros/ws/ros2_ws/install/sc2_bridge_interfaces/include/sc2_bridge_interfaces/sc2_bridge_interfaces/srv/detail\n'}
[4.318169] (sc2_bridge_interfaces) StdoutLine: {'line': b'-- Installing: /home/ros/ws/ros2_ws/install/sc2_bridge_interfaces/include/sc2_bridge_interfaces/sc2_bridge_interfaces/srv/detail/kill_units__struct.hpp\n'}
[4.318225] (sc2_bridge_interfaces) StdoutLine: {'line': b'-- Installing: /home/ros/ws/ros2_ws/install/sc2_bridge_interfaces/include/sc2_bridge_interfaces/sc2_bridge_interfaces/srv/detail/kill_units__traits.hpp\n'}
[4.318255] (sc2_bridge_interfaces) StdoutLine: {'line': b'-- Installing: /home/ros/ws/ros2_ws/install/sc2_bridge_interfaces/include/sc2_bridge_interfaces/sc2_bridge_interfaces/srv/detail/spawn_units__struct.hpp\n'}
[4.318308] (sc2_bridge_interfaces) StdoutLine: {'line': b'-- Installing: /home/ros/ws/ros2_ws/install/sc2_bridge_interfaces/include/sc2_bridge_interfaces/sc2_bridge_interfaces/srv/detail/spawn_units__type_support.hpp\n'}
[4.318364] (sc2_bridge_interfaces) StdoutLine: {'line': b'-- Installing: /home/ros/ws/ros2_ws/install/sc2_bridge_interfaces/include/sc2_bridge_interfaces/sc2_bridge_interfaces/srv/detail/kill_units__builder.hpp\n'}
[4.318415] (sc2_bridge_interfaces) StdoutLine: {'line': b'-- Installing: /home/ros/ws/ros2_ws/install/sc2_bridge_interfaces/include/sc2_bridge_interfaces/sc2_bridge_interfaces/srv/detail/spawn_units__builder.hpp\n'}
[4.318468] (sc2_bridge_interfaces) StdoutLine: {'line': b'-- Installing: /home/ros/ws/ros2_ws/install/sc2_bridge_interfaces/include/sc2_bridge_interfaces/sc2_bridge_interfaces/srv/detail/kill_units__type_support.hpp\n'}
[4.318520] (sc2_bridge_interfaces) StdoutLine: {'line': b'-- Installing: /home/ros/ws/ros2_ws/install/sc2_bridge_interfaces/include/sc2_bridge_interfaces/sc2_bridge_interfaces/srv/detail/spawn_units__traits.hpp\n'}
[4.318589] (sc2_bridge_interfaces) StdoutLine: {'line': b'-- Installing: /home/ros/ws/ros2_ws/install/sc2_bridge_interfaces/include/sc2_bridge_interfaces/sc2_bridge_interfaces/srv/spawn_units.hpp\n'}
[4.318649] (sc2_bridge_interfaces) StdoutLine: {'line': b'-- Up-to-date: /home/ros/ws/ros2_ws/install/sc2_bridge_interfaces/include/sc2_bridge_interfaces/sc2_bridge_interfaces/msg\n'}
[4.318697] (sc2_bridge_interfaces) StdoutLine: {'line': b'-- Installing: /home/ros/ws/ros2_ws/install/sc2_bridge_interfaces/include/sc2_bridge_interfaces/sc2_bridge_interfaces/msg/contact_mark.hpp\n'}
[4.318746] (sc2_bridge_interfaces) StdoutLine: {'line': b'-- Installing: /home/ros/ws/ros2_ws/install/sc2_bridge_interfaces/include/sc2_bridge_interfaces/sc2_bridge_interfaces/msg/game_info.hpp\n'}
[4.318795] (sc2_bridge_interfaces) StdoutLine: {'line': b'-- Installing: /home/ros/ws/ros2_ws/install/sc2_bridge_interfaces/include/sc2_bridge_interfaces/sc2_bridge_interfaces/msg/contact_mark_array.hpp\n'}
[4.318844] (sc2_bridge_interfaces) StdoutLine: {'line': b'-- Installing: /home/ros/ws/ros2_ws/install/sc2_bridge_interfaces/include/sc2_bridge_interfaces/sc2_bridge_interfaces/msg/rosidl_generator_cpp__visibility_control.hpp\n'}
[4.318901] (sc2_bridge_interfaces) StdoutLine: {'line': b'-- Installing: /home/ros/ws/ros2_ws/install/sc2_bridge_interfaces/include/sc2_bridge_interfaces/sc2_bridge_interfaces/msg/unit_state_array.hpp\n'}
[4.318954] (sc2_bridge_interfaces) StdoutLine: {'line': b'-- Up-to-date: /home/ros/ws/ros2_ws/install/sc2_bridge_interfaces/include/sc2_bridge_interfaces/sc2_bridge_interfaces/msg/detail\n'}
[4.319006] (sc2_bridge_interfaces) StdoutLine: {'line': b'-- Installing: /home/ros/ws/ros2_ws/install/sc2_bridge_interfaces/include/sc2_bridge_interfaces/sc2_bridge_interfaces/msg/detail/contact_mark_array__builder.hpp\n'}
[4.319056] (sc2_bridge_interfaces) StdoutLine: {'line': b'-- Installing: /home/ros/ws/ros2_ws/install/sc2_bridge_interfaces/include/sc2_bridge_interfaces/sc2_bridge_interfaces/msg/detail/unit_state_array__struct.hpp\n'}
[4.319111] (sc2_bridge_interfaces) StdoutLine: {'line': b'-- Installing: /home/ros/ws/ros2_ws/install/sc2_bridge_interfaces/include/sc2_bridge_interfaces/sc2_bridge_interfaces/msg/detail/game_info__type_support.hpp\n'}
[4.319170] (sc2_bridge_interfaces) StdoutLine: {'line': b'-- Installing: /home/ros/ws/ros2_ws/install/sc2_bridge_interfaces/include/sc2_bridge_interfaces/sc2_bridge_interfaces/msg/detail/contact_mark_array__struct.hpp\n'}
[4.319231] (sc2_bridge_interfaces) StdoutLine: {'line': b'-- Installing: /home/ros/ws/ros2_ws/install/sc2_bridge_interfaces/include/sc2_bridge_interfaces/sc2_bridge_interfaces/msg/detail/contact_mark__type_support.hpp\n'}
[4.319290] (sc2_bridge_interfaces) StdoutLine: {'line': b'-- Installing: /home/ros/ws/ros2_ws/install/sc2_bridge_interfaces/include/sc2_bridge_interfaces/sc2_bridge_interfaces/msg/detail/game_info__builder.hpp\n'}
[4.319349] (sc2_bridge_interfaces) StdoutLine: {'line': b'-- Installing: /home/ros/ws/ros2_ws/install/sc2_bridge_interfaces/include/sc2_bridge_interfaces/sc2_bridge_interfaces/msg/detail/contact_mark__builder.hpp\n'}
[4.319409] (sc2_bridge_interfaces) StdoutLine: {'line': b'-- Installing: /home/ros/ws/ros2_ws/install/sc2_bridge_interfaces/include/sc2_bridge_interfaces/sc2_bridge_interfaces/msg/detail/unit_state__type_support.hpp\n'}
[4.319467] (sc2_bridge_interfaces) StdoutLine: {'line': b'-- Installing: /home/ros/ws/ros2_ws/install/sc2_bridge_interfaces/include/sc2_bridge_interfaces/sc2_bridge_interfaces/msg/detail/game_info__struct.hpp\n'}
[4.319531] (sc2_bridge_interfaces) StdoutLine: {'line': b'-- Installing: /home/ros/ws/ros2_ws/install/sc2_bridge_interfaces/include/sc2_bridge_interfaces/sc2_bridge_interfaces/msg/detail/contact_mark__struct.hpp\n'}
[4.319608] (sc2_bridge_interfaces) StdoutLine: {'line': b'-- Installing: /home/ros/ws/ros2_ws/install/sc2_bridge_interfaces/include/sc2_bridge_interfaces/sc2_bridge_interfaces/msg/detail/game_info__traits.hpp\n'}
[4.319666] (sc2_bridge_interfaces) StdoutLine: {'line': b'-- Installing: /home/ros/ws/ros2_ws/install/sc2_bridge_interfaces/include/sc2_bridge_interfaces/sc2_bridge_interfaces/msg/detail/unit_state_array__traits.hpp\n'}
[4.319725] (sc2_bridge_interfaces) StdoutLine: {'line': b'-- Installing: /home/ros/ws/ros2_ws/install/sc2_bridge_interfaces/include/sc2_bridge_interfaces/sc2_bridge_interfaces/msg/detail/unit_state_array__builder.hpp\n'}
[4.319785] (sc2_bridge_interfaces) StdoutLine: {'line': b'-- Installing: /home/ros/ws/ros2_ws/install/sc2_bridge_interfaces/include/sc2_bridge_interfaces/sc2_bridge_interfaces/msg/detail/unit_state_array__type_support.hpp\n'}
[4.319847] (sc2_bridge_interfaces) StdoutLine: {'line': b'-- Installing: /home/ros/ws/ros2_ws/install/sc2_bridge_interfaces/include/sc2_bridge_interfaces/sc2_bridge_interfaces/msg/detail/contact_mark_array__type_support.hpp\n'}
[4.319908] (sc2_bridge_interfaces) StdoutLine: {'line': b'-- Installing: /home/ros/ws/ros2_ws/install/sc2_bridge_interfaces/include/sc2_bridge_interfaces/sc2_bridge_interfaces/msg/detail/contact_mark_array__traits.hpp\n'}
[4.319967] (sc2_bridge_interfaces) StdoutLine: {'line': b'-- Installing: /home/ros/ws/ros2_ws/install/sc2_bridge_interfaces/include/sc2_bridge_interfaces/sc2_bridge_interfaces/msg/detail/unit_state__struct.hpp\n'}
[4.320032] (sc2_bridge_interfaces) StdoutLine: {'line': b'-- Installing: /home/ros/ws/ros2_ws/install/sc2_bridge_interfaces/include/sc2_bridge_interfaces/sc2_bridge_interfaces/msg/detail/unit_state__builder.hpp\n'}
[4.320093] (sc2_bridge_interfaces) StdoutLine: {'line': b'-- Installing: /home/ros/ws/ros2_ws/install/sc2_bridge_interfaces/include/sc2_bridge_interfaces/sc2_bridge_interfaces/msg/detail/unit_state__traits.hpp\n'}
[4.320156] (sc2_bridge_interfaces) StdoutLine: {'line': b'-- Installing: /home/ros/ws/ros2_ws/install/sc2_bridge_interfaces/include/sc2_bridge_interfaces/sc2_bridge_interfaces/msg/detail/contact_mark__traits.hpp\n'}
[4.320216] (sc2_bridge_interfaces) StdoutLine: {'line': b'-- Installing: /home/ros/ws/ros2_ws/install/sc2_bridge_interfaces/include/sc2_bridge_interfaces/sc2_bridge_interfaces/msg/unit_state.hpp\n'}
[4.320270] (sc2_bridge_interfaces) StdoutLine: {'line': b'-- Up-to-date: /home/ros/ws/ros2_ws/install/sc2_bridge_interfaces/include/sc2_bridge_interfaces/sc2_bridge_interfaces/action\n'}
[4.320316] (sc2_bridge_interfaces) StdoutLine: {'line': b'-- Installing: /home/ros/ws/ros2_ws/install/sc2_bridge_interfaces/include/sc2_bridge_interfaces/sc2_bridge_interfaces/action/attack.hpp\n'}
[4.320367] (sc2_bridge_interfaces) StdoutLine: {'line': b'-- Installing: /home/ros/ws/ros2_ws/install/sc2_bridge_interfaces/include/sc2_bridge_interfaces/sc2_bridge_interfaces/action/move.hpp\n'}
[4.320436] (sc2_bridge_interfaces) StdoutLine: {'line': b'-- Up-to-date: /home/ros/ws/ros2_ws/install/sc2_bridge_interfaces/include/sc2_bridge_interfaces/sc2_bridge_interfaces/action/detail\n'}
[4.320467] (sc2_bridge_interfaces) StdoutLine: {'line': b'-- Installing: /home/ros/ws/ros2_ws/install/sc2_bridge_interfaces/include/sc2_bridge_interfaces/sc2_bridge_interfaces/action/detail/move__builder.hpp\n'}
[4.320523] (sc2_bridge_interfaces) StdoutLine: {'line': b'-- Installing: /home/ros/ws/ros2_ws/install/sc2_bridge_interfaces/include/sc2_bridge_interfaces/sc2_bridge_interfaces/action/detail/attack__type_support.hpp\n'}
[4.320579] (sc2_bridge_interfaces) StdoutLine: {'line': b'-- Installing: /home/ros/ws/ros2_ws/install/sc2_bridge_interfaces/include/sc2_bridge_interfaces/sc2_bridge_interfaces/action/detail/move__struct.hpp\n'}
[4.320640] (sc2_bridge_interfaces) StdoutLine: {'line': b'-- Installing: /home/ros/ws/ros2_ws/install/sc2_bridge_interfaces/include/sc2_bridge_interfaces/sc2_bridge_interfaces/action/detail/move__traits.hpp\n'}
[4.320703] (sc2_bridge_interfaces) StdoutLine: {'line': b'-- Installing: /home/ros/ws/ros2_ws/install/sc2_bridge_interfaces/include/sc2_bridge_interfaces/sc2_bridge_interfaces/action/detail/attack__traits.hpp\n'}
[4.320771] (sc2_bridge_interfaces) StdoutLine: {'line': b'-- Installing: /home/ros/ws/ros2_ws/install/sc2_bridge_interfaces/include/sc2_bridge_interfaces/sc2_bridge_interfaces/action/detail/attack__builder.hpp\n'}
[4.320831] (sc2_bridge_interfaces) StdoutLine: {'line': b'-- Installing: /home/ros/ws/ros2_ws/install/sc2_bridge_interfaces/include/sc2_bridge_interfaces/sc2_bridge_interfaces/action/detail/move__type_support.hpp\n'}
[4.320894] (sc2_bridge_interfaces) StdoutLine: {'line': b'-- Installing: /home/ros/ws/ros2_ws/install/sc2_bridge_interfaces/include/sc2_bridge_interfaces/sc2_bridge_interfaces/action/detail/attack__struct.hpp\n'}
[4.320988] (sc2_bridge_interfaces) StdoutLine: {'line': b'-- Up-to-date: /home/ros/ws/ros2_ws/install/sc2_bridge_interfaces/include/sc2_bridge_interfaces/sc2_bridge_interfaces\n'}
[4.321037] (sc2_bridge_interfaces) StdoutLine: {'line': b'-- Up-to-date: /home/ros/ws/ros2_ws/install/sc2_bridge_interfaces/include/sc2_bridge_interfaces/sc2_bridge_interfaces/srv\n'}
[4.321089] (sc2_bridge_interfaces) StdoutLine: {'line': b'-- Up-to-date: /home/ros/ws/ros2_ws/install/sc2_bridge_interfaces/include/sc2_bridge_interfaces/sc2_bridge_interfaces/srv/detail\n'}
[4.321116] (sc2_bridge_interfaces) StdoutLine: {'line': b'-- Installing: /home/ros/ws/ros2_ws/install/sc2_bridge_interfaces/include/sc2_bridge_interfaces/sc2_bridge_interfaces/srv/detail/spawn_units__rosidl_typesupport_fastrtps_cpp.hpp\n'}
[4.321183] (sc2_bridge_interfaces) StdoutLine: {'line': b'-- Installing: /home/ros/ws/ros2_ws/install/sc2_bridge_interfaces/include/sc2_bridge_interfaces/sc2_bridge_interfaces/srv/detail/dds_fastrtps\n'}
[4.321211] (sc2_bridge_interfaces) StdoutLine: {'line': b'-- Installing: /home/ros/ws/ros2_ws/install/sc2_bridge_interfaces/include/sc2_bridge_interfaces/sc2_bridge_interfaces/srv/detail/kill_units__rosidl_typesupport_fastrtps_cpp.hpp\n'}
[4.321265] (sc2_bridge_interfaces) StdoutLine: {'line': b'-- Up-to-date: /home/ros/ws/ros2_ws/install/sc2_bridge_interfaces/include/sc2_bridge_interfaces/sc2_bridge_interfaces/msg\n'}
[4.321293] (sc2_bridge_interfaces) StdoutLine: {'line': b'-- Up-to-date: /home/ros/ws/ros2_ws/install/sc2_bridge_interfaces/include/sc2_bridge_interfaces/sc2_bridge_interfaces/msg/detail\n'}
[4.321355] (sc2_bridge_interfaces) StdoutLine: {'line': b'-- Installing: /home/ros/ws/ros2_ws/install/sc2_bridge_interfaces/include/sc2_bridge_interfaces/sc2_bridge_interfaces/msg/detail/contact_mark__rosidl_typesupport_fastrtps_cpp.hpp\n'}
[4.321381] (sc2_bridge_interfaces) StdoutLine: {'line': b'-- Installing: /home/ros/ws/ros2_ws/install/sc2_bridge_interfaces/include/sc2_bridge_interfaces/sc2_bridge_interfaces/msg/detail/unit_state__rosidl_typesupport_fastrtps_cpp.hpp\n'}
[4.321431] (sc2_bridge_interfaces) StdoutLine: {'line': b'-- Installing: /home/ros/ws/ros2_ws/install/sc2_bridge_interfaces/include/sc2_bridge_interfaces/sc2_bridge_interfaces/msg/detail/contact_mark_array__rosidl_typesupport_fastrtps_cpp.hpp\n'}
[4.321480] (sc2_bridge_interfaces) StdoutLine: {'line': b'-- Installing: /home/ros/ws/ros2_ws/install/sc2_bridge_interfaces/include/sc2_bridge_interfaces/sc2_bridge_interfaces/msg/detail/game_info__rosidl_typesupport_fastrtps_cpp.hpp\n'}
[4.321536] (sc2_bridge_interfaces) StdoutLine: {'line': b'-- Installing: /home/ros/ws/ros2_ws/install/sc2_bridge_interfaces/include/sc2_bridge_interfaces/sc2_bridge_interfaces/msg/detail/dds_fastrtps\n'}
[4.321584] (sc2_bridge_interfaces) StdoutLine: {'line': b'-- Installing: /home/ros/ws/ros2_ws/install/sc2_bridge_interfaces/include/sc2_bridge_interfaces/sc2_bridge_interfaces/msg/detail/unit_state_array__rosidl_typesupport_fastrtps_cpp.hpp\n'}
[4.321651] (sc2_bridge_interfaces) StdoutLine: {'line': b'-- Installing: /home/ros/ws/ros2_ws/install/sc2_bridge_interfaces/include/sc2_bridge_interfaces/sc2_bridge_interfaces/msg/rosidl_typesupport_fastrtps_cpp__visibility_control.h\n'}
[4.321706] (sc2_bridge_interfaces) StdoutLine: {'line': b'-- Up-to-date: /home/ros/ws/ros2_ws/install/sc2_bridge_interfaces/include/sc2_bridge_interfaces/sc2_bridge_interfaces/action\n'}
[4.321760] (sc2_bridge_interfaces) StdoutLine: {'line': b'-- Up-to-date: /home/ros/ws/ros2_ws/install/sc2_bridge_interfaces/include/sc2_bridge_interfaces/sc2_bridge_interfaces/action/detail\n'}
[4.321786] (sc2_bridge_interfaces) StdoutLine: {'line': b'-- Installing: /home/ros/ws/ros2_ws/install/sc2_bridge_interfaces/include/sc2_bridge_interfaces/sc2_bridge_interfaces/action/detail/attack__rosidl_typesupport_fastrtps_cpp.hpp\n'}
[4.321833] (sc2_bridge_interfaces) StdoutLine: {'line': b'-- Installing: /home/ros/ws/ros2_ws/install/sc2_bridge_interfaces/include/sc2_bridge_interfaces/sc2_bridge_interfaces/action/detail/move__rosidl_typesupport_fastrtps_cpp.hpp\n'}
[4.321885] (sc2_bridge_interfaces) StdoutLine: {'line': b'-- Installing: /home/ros/ws/ros2_ws/install/sc2_bridge_interfaces/include/sc2_bridge_interfaces/sc2_bridge_interfaces/action/detail/dds_fastrtps\n'}
[4.321953] (sc2_bridge_interfaces) StdoutLine: {'line': b'-- Installing: /home/ros/ws/ros2_ws/install/sc2_bridge_interfaces/lib/libsc2_bridge_interfaces__rosidl_typesupport_fastrtps_cpp.so\n'}
[4.322365] (sc2_bridge_interfaces) StdoutLine: {'line': b'-- Set runtime path of "/home/ros/ws/ros2_ws/install/sc2_bridge_interfaces/lib/libsc2_bridge_interfaces__rosidl_typesupport_fastrtps_cpp.so" to ""\n'}
[4.322417] (sc2_bridge_interfaces) StdoutLine: {'line': b'-- Up-to-date: /home/ros/ws/ros2_ws/install/sc2_bridge_interfaces/include/sc2_bridge_interfaces/sc2_bridge_interfaces\n'}
[4.322444] (sc2_bridge_interfaces) StdoutLine: {'line': b'-- Up-to-date: /home/ros/ws/ros2_ws/install/sc2_bridge_interfaces/include/sc2_bridge_interfaces/sc2_bridge_interfaces/srv\n'}
[4.322495] (sc2_bridge_interfaces) StdoutLine: {'line': b'-- Up-to-date: /home/ros/ws/ros2_ws/install/sc2_bridge_interfaces/include/sc2_bridge_interfaces/sc2_bridge_interfaces/srv/detail\n'}
[4.322520] (sc2_bridge_interfaces) StdoutLine: {'line': b'-- Installing: /home/ros/ws/ros2_ws/install/sc2_bridge_interfaces/include/sc2_bridge_interfaces/sc2_bridge_interfaces/srv/detail/kill_units__type_support.cpp\n'}
[4.322572] (sc2_bridge_interfaces) StdoutLine: {'line': b'-- Installing: /home/ros/ws/ros2_ws/install/sc2_bridge_interfaces/include/sc2_bridge_interfaces/sc2_bridge_interfaces/srv/detail/spawn_units__rosidl_typesupport_introspection_cpp.hpp\n'}
[4.322628] (sc2_bridge_interfaces) StdoutLine: {'line': b'-- Installing: /home/ros/ws/ros2_ws/install/sc2_bridge_interfaces/include/sc2_bridge_interfaces/sc2_bridge_interfaces/srv/detail/kill_units__rosidl_typesupport_introspection_cpp.hpp\n'}
[4.322679] (sc2_bridge_interfaces) StdoutLine: {'line': b'-- Installing: /home/ros/ws/ros2_ws/install/sc2_bridge_interfaces/include/sc2_bridge_interfaces/sc2_bridge_interfaces/srv/detail/spawn_units__type_support.cpp\n'}
[4.322730] (sc2_bridge_interfaces) StdoutLine: {'line': b'-- Up-to-date: /home/ros/ws/ros2_ws/install/sc2_bridge_interfaces/include/sc2_bridge_interfaces/sc2_bridge_interfaces/msg\n'}
[4.322783] (sc2_bridge_interfaces) StdoutLine: {'line': b'-- Up-to-date: /home/ros/ws/ros2_ws/install/sc2_bridge_interfaces/include/sc2_bridge_interfaces/sc2_bridge_interfaces/msg/detail\n'}
[4.322810] (sc2_bridge_interfaces) StdoutLine: {'line': b'-- Installing: /home/ros/ws/ros2_ws/install/sc2_bridge_interfaces/include/sc2_bridge_interfaces/sc2_bridge_interfaces/msg/detail/game_info__rosidl_typesupport_introspection_cpp.hpp\n'}
[4.322859] (sc2_bridge_interfaces) StdoutLine: {'line': b'-- Installing: /home/ros/ws/ros2_ws/install/sc2_bridge_interfaces/include/sc2_bridge_interfaces/sc2_bridge_interfaces/msg/detail/unit_state__rosidl_typesupport_introspection_cpp.hpp\n'}
[4.322908] (sc2_bridge_interfaces) StdoutLine: {'line': b'-- Installing: /home/ros/ws/ros2_ws/install/sc2_bridge_interfaces/include/sc2_bridge_interfaces/sc2_bridge_interfaces/msg/detail/contact_mark__type_support.cpp\n'}
[4.322983] (sc2_bridge_interfaces) StdoutLine: {'line': b'-- Installing: /home/ros/ws/ros2_ws/install/sc2_bridge_interfaces/include/sc2_bridge_interfaces/sc2_bridge_interfaces/msg/detail/unit_state__type_support.cpp\n'}
[4.323050] (sc2_bridge_interfaces) StdoutLine: {'line': b'-- Installing: /home/ros/ws/ros2_ws/install/sc2_bridge_interfaces/include/sc2_bridge_interfaces/sc2_bridge_interfaces/msg/detail/game_info__type_support.cpp\n'}
[4.323118] (sc2_bridge_interfaces) StdoutLine: {'line': b'-- Installing: /home/ros/ws/ros2_ws/install/sc2_bridge_interfaces/include/sc2_bridge_interfaces/sc2_bridge_interfaces/msg/detail/unit_state_array__rosidl_typesupport_introspection_cpp.hpp\n'}
[4.323181] (sc2_bridge_interfaces) StdoutLine: {'line': b'-- Installing: /home/ros/ws/ros2_ws/install/sc2_bridge_interfaces/include/sc2_bridge_interfaces/sc2_bridge_interfaces/msg/detail/contact_mark_array__rosidl_typesupport_introspection_cpp.hpp\n'}
[4.323242] (sc2_bridge_interfaces) StdoutLine: {'line': b'-- Installing: /home/ros/ws/ros2_ws/install/sc2_bridge_interfaces/include/sc2_bridge_interfaces/sc2_bridge_interfaces/msg/detail/contact_mark_array__type_support.cpp\n'}
[4.323305] (sc2_bridge_interfaces) StdoutLine: {'line': b'-- Installing: /home/ros/ws/ros2_ws/install/sc2_bridge_interfaces/include/sc2_bridge_interfaces/sc2_bridge_interfaces/msg/detail/unit_state_array__type_support.cpp\n'}
[4.323370] (sc2_bridge_interfaces) StdoutLine: {'line': b'-- Installing: /home/ros/ws/ros2_ws/install/sc2_bridge_interfaces/include/sc2_bridge_interfaces/sc2_bridge_interfaces/msg/detail/contact_mark__rosidl_typesupport_introspection_cpp.hpp\n'}
[4.323433] (sc2_bridge_interfaces) StdoutLine: {'line': b'-- Up-to-date: /home/ros/ws/ros2_ws/install/sc2_bridge_interfaces/include/sc2_bridge_interfaces/sc2_bridge_interfaces/action\n'}
[4.323485] (sc2_bridge_interfaces) StdoutLine: {'line': b'-- Up-to-date: /home/ros/ws/ros2_ws/install/sc2_bridge_interfaces/include/sc2_bridge_interfaces/sc2_bridge_interfaces/action/detail\n'}
[4.323548] (sc2_bridge_interfaces) StdoutLine: {'line': b'-- Installing: /home/ros/ws/ros2_ws/install/sc2_bridge_interfaces/include/sc2_bridge_interfaces/sc2_bridge_interfaces/action/detail/attack__rosidl_typesupport_introspection_cpp.hpp\n'}
[4.323576] (sc2_bridge_interfaces) StdoutLine: {'line': b'-- Installing: /home/ros/ws/ros2_ws/install/sc2_bridge_interfaces/include/sc2_bridge_interfaces/sc2_bridge_interfaces/action/detail/move__type_support.cpp\n'}
[4.323634] (sc2_bridge_interfaces) StdoutLine: {'line': b'-- Installing: /home/ros/ws/ros2_ws/install/sc2_bridge_interfaces/include/sc2_bridge_interfaces/sc2_bridge_interfaces/action/detail/move__rosidl_typesupport_introspection_cpp.hpp\n'}
[4.323691] (sc2_bridge_interfaces) StdoutLine: {'line': b'-- Installing: /home/ros/ws/ros2_ws/install/sc2_bridge_interfaces/include/sc2_bridge_interfaces/sc2_bridge_interfaces/action/detail/attack__type_support.cpp\n'}
[4.323792] (sc2_bridge_interfaces) StdoutLine: {'line': b'-- Installing: /home/ros/ws/ros2_ws/install/sc2_bridge_interfaces/lib/libsc2_bridge_interfaces__rosidl_typesupport_introspection_cpp.so\n'}
[4.324194] (sc2_bridge_interfaces) StdoutLine: {'line': b'-- Set runtime path of "/home/ros/ws/ros2_ws/install/sc2_bridge_interfaces/lib/libsc2_bridge_interfaces__rosidl_typesupport_introspection_cpp.so" to ""\n'}
[4.324246] (sc2_bridge_interfaces) StdoutLine: {'line': b'-- Installing: /home/ros/ws/ros2_ws/install/sc2_bridge_interfaces/lib/libsc2_bridge_interfaces__rosidl_typesupport_cpp.so\n'}
[4.324440] (sc2_bridge_interfaces) StdoutLine: {'line': b'-- Set runtime path of "/home/ros/ws/ros2_ws/install/sc2_bridge_interfaces/lib/libsc2_bridge_interfaces__rosidl_typesupport_cpp.so" to ""\n'}
[4.324490] (sc2_bridge_interfaces) StdoutLine: {'line': b'-- Installing: /home/ros/ws/ros2_ws/install/sc2_bridge_interfaces/share/sc2_bridge_interfaces/environment/pythonpath.sh\n'}
[4.324541] (sc2_bridge_interfaces) StdoutLine: {'line': b'-- Installing: /home/ros/ws/ros2_ws/install/sc2_bridge_interfaces/share/sc2_bridge_interfaces/environment/pythonpath.dsv\n'}
[4.324610] (sc2_bridge_interfaces) StdoutLine: {'line': b'-- Installing: /home/ros/ws/ros2_ws/install/sc2_bridge_interfaces/local/lib/python3.10/dist-packages/sc2_bridge_interfaces-0.1.0-py3.10.egg-info\n'}
[4.324696] (sc2_bridge_interfaces) StdoutLine: {'line': b'-- Installing: /home/ros/ws/ros2_ws/install/sc2_bridge_interfaces/local/lib/python3.10/dist-packages/sc2_bridge_interfaces-0.1.0-py3.10.egg-info/top_level.txt\n'}
[4.324768] (sc2_bridge_interfaces) StdoutLine: {'line': b'-- Installing: /home/ros/ws/ros2_ws/install/sc2_bridge_interfaces/local/lib/python3.10/dist-packages/sc2_bridge_interfaces-0.1.0-py3.10.egg-info/SOURCES.txt\n'}
[4.324839] (sc2_bridge_interfaces) StdoutLine: {'line': b'-- Installing: /home/ros/ws/ros2_ws/install/sc2_bridge_interfaces/local/lib/python3.10/dist-packages/sc2_bridge_interfaces-0.1.0-py3.10.egg-info/dependency_links.txt\n'}
[4.324906] (sc2_bridge_interfaces) StdoutLine: {'line': b'-- Installing: /home/ros/ws/ros2_ws/install/sc2_bridge_interfaces/local/lib/python3.10/dist-packages/sc2_bridge_interfaces-0.1.0-py3.10.egg-info/PKG-INFO\n'}
[4.324991] (sc2_bridge_interfaces) StdoutLine: {'line': b'-- Installing: /home/ros/ws/ros2_ws/install/sc2_bridge_interfaces/local/lib/python3.10/dist-packages/sc2_bridge_interfaces\n'}
[4.325044] (sc2_bridge_interfaces) StdoutLine: {'line': b'-- Installing: /home/ros/ws/ros2_ws/install/sc2_bridge_interfaces/local/lib/python3.10/dist-packages/sc2_bridge_interfaces/sc2_bridge_interfaces_s__rosidl_typesupport_fastrtps_c.cpython-310-x86_64-linux-gnu.so\n'}
[4.325179] (sc2_bridge_interfaces) StdoutLine: {'line': b'-- Installing: /home/ros/ws/ros2_ws/install/sc2_bridge_interfaces/local/lib/python3.10/dist-packages/sc2_bridge_interfaces/sc2_bridge_interfaces_s__rosidl_typesupport_introspection_c.cpython-310-x86_64-linux-gnu.so\n'}
[4.325311] (sc2_bridge_interfaces) StdoutLine: {'line': b'-- Installing: /home/ros/ws/ros2_ws/install/sc2_bridge_interfaces/local/lib/python3.10/dist-packages/sc2_bridge_interfaces/_sc2_bridge_interfaces_s.ep.rosidl_typesupport_c.c\n'}
[4.325476] (sc2_bridge_interfaces) StdoutLine: {'line': b'-- Installing: /home/ros/ws/ros2_ws/install/sc2_bridge_interfaces/local/lib/python3.10/dist-packages/sc2_bridge_interfaces/srv\n'}
[4.325531] (sc2_bridge_interfaces) StdoutLine: {'line': b'-- Installing: /home/ros/ws/ros2_ws/install/sc2_bridge_interfaces/local/lib/python3.10/dist-packages/sc2_bridge_interfaces/srv/_kill_units_s.c\n'}
[4.325589] (sc2_bridge_interfaces) StdoutLine: {'line': b'-- Installing: /home/ros/ws/ros2_ws/install/sc2_bridge_interfaces/local/lib/python3.10/dist-packages/sc2_bridge_interfaces/srv/_kill_units.py\n'}
[4.325668] (sc2_bridge_interfaces) StdoutLine: {'line': b'-- Installing: /home/ros/ws/ros2_ws/install/sc2_bridge_interfaces/local/lib/python3.10/dist-packages/sc2_bridge_interfaces/srv/_spawn_units.py\n'}
[4.325743] (sc2_bridge_interfaces) StdoutLine: {'line': b'-- Installing: /home/ros/ws/ros2_ws/install/sc2_bridge_interfaces/local/lib/python3.10/dist-packages/sc2_bridge_interfaces/srv/_spawn_units_s.c\n'}
[4.325819] (sc2_bridge_interfaces) StdoutLine: {'line': b'-- Installing: /home/ros/ws/ros2_ws/install/sc2_bridge_interfaces/local/lib/python3.10/dist-packages/sc2_bridge_interfaces/srv/__init__.py\n'}
[4.325889] (sc2_bridge_interfaces) StdoutLine: {'line': b'-- Installing: /home/ros/ws/ros2_ws/install/sc2_bridge_interfaces/local/lib/python3.10/dist-packages/sc2_bridge_interfaces/sc2_bridge_interfaces_s__rosidl_typesupport_c.cpython-310-x86_64-linux-gnu.so\n'}
[4.326018] (sc2_bridge_interfaces) StdoutLine: {'line': b'-- Installing: /home/ros/ws/ros2_ws/install/sc2_bridge_interfaces/local/lib/python3.10/dist-packages/sc2_bridge_interfaces/msg\n'}
[4.326067] (sc2_bridge_interfaces) StdoutLine: {'line': b'-- Installing: /home/ros/ws/ros2_ws/install/sc2_bridge_interfaces/local/lib/python3.10/dist-packages/sc2_bridge_interfaces/msg/_unit_state_array_s.c\n'}
[4.326129] (sc2_bridge_interfaces) StdoutLine: {'line': b'-- Installing: /home/ros/ws/ros2_ws/install/sc2_bridge_interfaces/local/lib/python3.10/dist-packages/sc2_bridge_interfaces/msg/_contact_mark_array.py\n'}
[4.326204] (sc2_bridge_interfaces) StdoutLine: {'line': b'-- Installing: /home/ros/ws/ros2_ws/install/sc2_bridge_interfaces/local/lib/python3.10/dist-packages/sc2_bridge_interfaces/msg/_contact_mark_s.c\n'}
[4.326272] (sc2_bridge_interfaces) StdoutLine: {'line': b'-- Installing: /home/ros/ws/ros2_ws/install/sc2_bridge_interfaces/local/lib/python3.10/dist-packages/sc2_bridge_interfaces/msg/__init__.py\n'}
[4.326334] (sc2_bridge_interfaces) StdoutLine: {'line': b'-- Installing: /home/ros/ws/ros2_ws/install/sc2_bridge_interfaces/local/lib/python3.10/dist-packages/sc2_bridge_interfaces/msg/_unit_state.py\n'}
[4.326411] (sc2_bridge_interfaces) StdoutLine: {'line': b'-- Installing: /home/ros/ws/ros2_ws/install/sc2_bridge_interfaces/local/lib/python3.10/dist-packages/sc2_bridge_interfaces/msg/_game_info_s.c\n'}
[4.326484] (sc2_bridge_interfaces) StdoutLine: {'line': b'-- Installing: /home/ros/ws/ros2_ws/install/sc2_bridge_interfaces/local/lib/python3.10/dist-packages/sc2_bridge_interfaces/msg/_unit_state_array.py\n'}
[4.326552] (sc2_bridge_interfaces) StdoutLine: {'line': b'-- Installing: /home/ros/ws/ros2_ws/install/sc2_bridge_interfaces/local/lib/python3.10/dist-packages/sc2_bridge_interfaces/msg/_contact_mark_array_s.c\n'}
[4.327062] (sc2_bridge_interfaces) StdoutLine: {'line': b'-- Installing: /home/ros/ws/ros2_ws/install/sc2_bridge_interfaces/local/lib/python3.10/dist-packages/sc2_bridge_interfaces/msg/_game_info.py\n'}
[4.327091] (sc2_bridge_interfaces) StdoutLine: {'line': b'-- Installing: /home/ros/ws/ros2_ws/install/sc2_bridge_interfaces/local/lib/python3.10/dist-packages/sc2_bridge_interfaces/msg/_contact_mark.py\n'}
[4.327117] (sc2_bridge_interfaces) StdoutLine: {'line': b'-- Installing: /home/ros/ws/ros2_ws/install/sc2_bridge_interfaces/local/lib/python3.10/dist-packages/sc2_bridge_interfaces/msg/_unit_state_s.c\n'}
[4.327166] (sc2_bridge_interfaces) StdoutLine: {'line': b'-- Installing: /home/ros/ws/ros2_ws/install/sc2_bridge_interfaces/local/lib/python3.10/dist-packages/sc2_bridge_interfaces/libsc2_bridge_interfaces__rosidl_generator_py.so\n'}
[4.327192] (sc2_bridge_interfaces) StdoutLine: {'line': b'-- Installing: /home/ros/ws/ros2_ws/install/sc2_bridge_interfaces/local/lib/python3.10/dist-packages/sc2_bridge_interfaces/__init__.py\n'}
[4.327216] (sc2_bridge_interfaces) StdoutLine: {'line': b'-- Installing: /home/ros/ws/ros2_ws/install/sc2_bridge_interfaces/local/lib/python3.10/dist-packages/sc2_bridge_interfaces/_sc2_bridge_interfaces_s.ep.rosidl_typesupport_introspection_c.c\n'}
[4.327264] (sc2_bridge_interfaces) StdoutLine: {'line': b'-- Installing: /home/ros/ws/ros2_ws/install/sc2_bridge_interfaces/local/lib/python3.10/dist-packages/sc2_bridge_interfaces/action\n'}
[4.327314] (sc2_bridge_interfaces) StdoutLine: {'line': b'-- Installing: /home/ros/ws/ros2_ws/install/sc2_bridge_interfaces/local/lib/python3.10/dist-packages/sc2_bridge_interfaces/action/__init__.py\n'}
[4.327367] (sc2_bridge_interfaces) StdoutLine: {'line': b'-- Installing: /home/ros/ws/ros2_ws/install/sc2_bridge_interfaces/local/lib/python3.10/dist-packages/sc2_bridge_interfaces/action/_attack_s.c\n'}
[4.327455] (sc2_bridge_interfaces) StdoutLine: {'line': b'-- Installing: /home/ros/ws/ros2_ws/install/sc2_bridge_interfaces/local/lib/python3.10/dist-packages/sc2_bridge_interfaces/action/_move.py\n'}
[4.327556] (sc2_bridge_interfaces) StdoutLine: {'line': b'-- Installing: /home/ros/ws/ros2_ws/install/sc2_bridge_interfaces/local/lib/python3.10/dist-packages/sc2_bridge_interfaces/action/_attack.py\n'}
[4.327663] (sc2_bridge_interfaces) StdoutLine: {'line': b'-- Installing: /home/ros/ws/ros2_ws/install/sc2_bridge_interfaces/local/lib/python3.10/dist-packages/sc2_bridge_interfaces/action/_move_s.c\n'}
[4.327748] (sc2_bridge_interfaces) StdoutLine: {'line': b'-- Installing: /home/ros/ws/ros2_ws/install/sc2_bridge_interfaces/local/lib/python3.10/dist-packages/sc2_bridge_interfaces/_sc2_bridge_interfaces_s.ep.rosidl_typesupport_fastrtps_c.c\n'}
[4.359838] (sc2_bridge_interfaces) StdoutLine: {'line': b"Listing '/home/ros/ws/ros2_ws/install/sc2_bridge_interfaces/local/lib/python3.10/dist-packages/sc2_bridge_interfaces'...\n"}
[4.360146] (sc2_bridge_interfaces) StdoutLine: {'line': b"Compiling '/home/ros/ws/ros2_ws/install/sc2_bridge_interfaces/local/lib/python3.10/dist-packages/sc2_bridge_interfaces/__init__.py'...\n"}
[4.360198] (sc2_bridge_interfaces) StdoutLine: {'line': b"Listing '/home/ros/ws/ros2_ws/install/sc2_bridge_interfaces/local/lib/python3.10/dist-packages/sc2_bridge_interfaces/action'...\n"}
[4.360244] (sc2_bridge_interfaces) StdoutLine: {'line': b"Compiling '/home/ros/ws/ros2_ws/install/sc2_bridge_interfaces/local/lib/python3.10/dist-packages/sc2_bridge_interfaces/action/__init__.py'...\n"}
[4.360287] (sc2_bridge_interfaces) StdoutLine: {'line': b"Compiling '/home/ros/ws/ros2_ws/install/sc2_bridge_interfaces/local/lib/python3.10/dist-packages/sc2_bridge_interfaces/action/_attack.py'...\n"}
[4.360325] (sc2_bridge_interfaces) StdoutLine: {'line': b"Compiling '/home/ros/ws/ros2_ws/install/sc2_bridge_interfaces/local/lib/python3.10/dist-packages/sc2_bridge_interfaces/action/_move.py'...\n"}
[4.360363] (sc2_bridge_interfaces) StdoutLine: {'line': b"Listing '/home/ros/ws/ros2_ws/install/sc2_bridge_interfaces/local/lib/python3.10/dist-packages/sc2_bridge_interfaces/msg'...\n"}
[4.360402] (sc2_bridge_interfaces) StdoutLine: {'line': b"Compiling '/home/ros/ws/ros2_ws/install/sc2_bridge_interfaces/local/lib/python3.10/dist-packages/sc2_bridge_interfaces/msg/__init__.py'...\n"}
[4.360439] (sc2_bridge_interfaces) StdoutLine: {'line': b"Compiling '/home/ros/ws/ros2_ws/install/sc2_bridge_interfaces/local/lib/python3.10/dist-packages/sc2_bridge_interfaces/msg/_contact_mark.py'...\n"}
[4.360477] (sc2_bridge_interfaces) StdoutLine: {'line': b"Compiling '/home/ros/ws/ros2_ws/install/sc2_bridge_interfaces/local/lib/python3.10/dist-packages/sc2_bridge_interfaces/msg/_contact_mark_array.py'...\n"}
[4.360516] (sc2_bridge_interfaces) StdoutLine: {'line': b"Compiling '/home/ros/ws/ros2_ws/install/sc2_bridge_interfaces/local/lib/python3.10/dist-packages/sc2_bridge_interfaces/msg/_game_info.py'...\n"}
[4.360553] (sc2_bridge_interfaces) StdoutLine: {'line': b"Compiling '/home/ros/ws/ros2_ws/install/sc2_bridge_interfaces/local/lib/python3.10/dist-packages/sc2_bridge_interfaces/msg/_unit_state.py'...\n"}
[4.360596] (sc2_bridge_interfaces) StdoutLine: {'line': b"Compiling '/home/ros/ws/ros2_ws/install/sc2_bridge_interfaces/local/lib/python3.10/dist-packages/sc2_bridge_interfaces/msg/_unit_state_array.py'...\n"}
[4.360636] (sc2_bridge_interfaces) StdoutLine: {'line': b"Listing '/home/ros/ws/ros2_ws/install/sc2_bridge_interfaces/local/lib/python3.10/dist-packages/sc2_bridge_interfaces/srv'...\n"}
[4.360673] (sc2_bridge_interfaces) StdoutLine: {'line': b"Compiling '/home/ros/ws/ros2_ws/install/sc2_bridge_interfaces/local/lib/python3.10/dist-packages/sc2_bridge_interfaces/srv/__init__.py'...\n"}
[4.360710] (sc2_bridge_interfaces) StdoutLine: {'line': b"Compiling '/home/ros/ws/ros2_ws/install/sc2_bridge_interfaces/local/lib/python3.10/dist-packages/sc2_bridge_interfaces/srv/_kill_units.py'...\n"}
[4.360746] (sc2_bridge_interfaces) StdoutLine: {'line': b"Compiling '/home/ros/ws/ros2_ws/install/sc2_bridge_interfaces/local/lib/python3.10/dist-packages/sc2_bridge_interfaces/srv/_spawn_units.py'...\n"}
[4.362666] (sc2_bridge_interfaces) StdoutLine: {'line': b'-- Installing: /home/ros/ws/ros2_ws/install/sc2_bridge_interfaces/local/lib/python3.10/dist-packages/sc2_bridge_interfaces/sc2_bridge_interfaces_s__rosidl_typesupport_fastrtps_c.cpython-310-x86_64-linux-gnu.so\n'}
[4.363135] (sc2_bridge_interfaces) StdoutLine: {'line': b'-- Set runtime path of "/home/ros/ws/ros2_ws/install/sc2_bridge_interfaces/local/lib/python3.10/dist-packages/sc2_bridge_interfaces/sc2_bridge_interfaces_s__rosidl_typesupport_fastrtps_c.cpython-310-x86_64-linux-gnu.so" to ""\n'}
[4.363243] (sc2_bridge_interfaces) StdoutLine: {'line': b'-- Installing: /home/ros/ws/ros2_ws/install/sc2_bridge_interfaces/local/lib/python3.10/dist-packages/sc2_bridge_interfaces/sc2_bridge_interfaces_s__rosidl_typesupport_introspection_c.cpython-310-x86_64-linux-gnu.so\n'}
[4.363425] (sc2_bridge_interfaces) StdoutLine: {'line': b'-- Set runtime path of "/home/ros/ws/ros2_ws/install/sc2_bridge_interfaces/local/lib/python3.10/dist-packages/sc2_bridge_interfaces/sc2_bridge_interfaces_s__rosidl_typesupport_introspection_c.cpython-310-x86_64-linux-gnu.so" to ""\n'}
[4.363594] (sc2_bridge_interfaces) StdoutLine: {'line': b'-- Installing: /home/ros/ws/ros2_ws/install/sc2_bridge_interfaces/local/lib/python3.10/dist-packages/sc2_bridge_interfaces/sc2_bridge_interfaces_s__rosidl_typesupport_c.cpython-310-x86_64-linux-gnu.so\n'}
[4.363652] (sc2_bridge_interfaces) StdoutLine: {'line': b'-- Set runtime path of "/home/ros/ws/ros2_ws/install/sc2_bridge_interfaces/local/lib/python3.10/dist-packages/sc2_bridge_interfaces/sc2_bridge_interfaces_s__rosidl_typesupport_c.cpython-310-x86_64-linux-gnu.so" to ""\n'}
[4.363834] (sc2_bridge_interfaces) StdoutLine: {'line': b'-- Installing: /home/ros/ws/ros2_ws/install/sc2_bridge_interfaces/lib/libsc2_bridge_interfaces__rosidl_generator_py.so\n'}
[4.363982] (sc2_bridge_interfaces) StdoutLine: {'line': b'-- Set runtime path of "/home/ros/ws/ros2_ws/install/sc2_bridge_interfaces/lib/libsc2_bridge_interfaces__rosidl_generator_py.so" to ""\n'}
[4.364075] (sc2_bridge_interfaces) StdoutLine: {'line': b'-- Installing: /home/ros/ws/ros2_ws/install/sc2_bridge_interfaces/share/ament_index/resource_index/rust_packages/sc2_bridge_interfaces\n'}
[4.364104] (sc2_bridge_interfaces) StdoutLine: {'line': b'-- Installing: /home/ros/ws/ros2_ws/install/sc2_bridge_interfaces/share/sc2_bridge_interfaces/rust\n'}
[4.364132] (sc2_bridge_interfaces) StdoutLine: {'line': b'-- Installing: /home/ros/ws/ros2_ws/install/sc2_bridge_interfaces/share/sc2_bridge_interfaces/rust/build.rs\n'}
[4.364188] (sc2_bridge_interfaces) StdoutLine: {'line': b'-- Installing: /home/ros/ws/ros2_ws/install/sc2_bridge_interfaces/share/sc2_bridge_interfaces/rust/src\n'}
[4.364216] (sc2_bridge_interfaces) StdoutLine: {'line': b'-- Installing: /home/ros/ws/ros2_ws/install/sc2_bridge_interfaces/share/sc2_bridge_interfaces/rust/src/srv.rs\n'}
[4.364300] (sc2_bridge_interfaces) StdoutLine: {'line': b'-- Installing: /home/ros/ws/ros2_ws/install/sc2_bridge_interfaces/share/sc2_bridge_interfaces/rust/src/srv\n'}
[4.364357] (sc2_bridge_interfaces) StdoutLine: {'line': b'-- Installing: /home/ros/ws/ros2_ws/install/sc2_bridge_interfaces/share/sc2_bridge_interfaces/rust/src/srv/rmw.rs\n'}
[4.364386] (sc2_bridge_interfaces) StdoutLine: {'line': b'-- Installing: /home/ros/ws/ros2_ws/install/sc2_bridge_interfaces/share/sc2_bridge_interfaces/rust/src/msg\n'}
[4.364413] (sc2_bridge_interfaces) StdoutLine: {'line': b'-- Installing: /home/ros/ws/ros2_ws/install/sc2_bridge_interfaces/share/sc2_bridge_interfaces/rust/src/msg/rmw.rs\n'}
[4.364439] (sc2_bridge_interfaces) StdoutLine: {'line': b'-- Installing: /home/ros/ws/ros2_ws/install/sc2_bridge_interfaces/share/sc2_bridge_interfaces/rust/src/lib.rs\n'}
[4.364467] (sc2_bridge_interfaces) StdoutLine: {'line': b'-- Installing: /home/ros/ws/ros2_ws/install/sc2_bridge_interfaces/share/sc2_bridge_interfaces/rust/src/action\n'}
[4.364494] (sc2_bridge_interfaces) StdoutLine: {'line': b'-- Installing: /home/ros/ws/ros2_ws/install/sc2_bridge_interfaces/share/sc2_bridge_interfaces/rust/src/action/rmw.rs\n'}
[4.364521] (sc2_bridge_interfaces) StdoutLine: {'line': b'-- Installing: /home/ros/ws/ros2_ws/install/sc2_bridge_interfaces/share/sc2_bridge_interfaces/rust/src/action.rs\n'}
[4.364548] (sc2_bridge_interfaces) StdoutLine: {'line': b'-- Installing: /home/ros/ws/ros2_ws/install/sc2_bridge_interfaces/share/sc2_bridge_interfaces/rust/src/msg.rs\n'}
[4.364575] (sc2_bridge_interfaces) StdoutLine: {'line': b'-- Installing: /home/ros/ws/ros2_ws/install/sc2_bridge_interfaces/share/sc2_bridge_interfaces/rust/Cargo.toml\n'}
[4.364649] (sc2_bridge_interfaces) StdoutLine: {'line': b'-- Installing: /home/ros/ws/ros2_ws/install/sc2_bridge_interfaces/share/sc2_bridge_interfaces/msg/ContactMark.idl\n'}
[4.364766] (sc2_bridge_interfaces) StdoutLine: {'line': b'-- Installing: /home/ros/ws/ros2_ws/install/sc2_bridge_interfaces/share/sc2_bridge_interfaces/msg/ContactMarkArray.idl\n'}
[4.364796] (sc2_bridge_interfaces) StdoutLine: {'line': b'-- Installing: /home/ros/ws/ros2_ws/install/sc2_bridge_interfaces/share/sc2_bridge_interfaces/msg/GameInfo.idl\n'}
[4.364817] (sc2_bridge_interfaces) StdoutLine: {'line': b'-- Installing: /home/ros/ws/ros2_ws/install/sc2_bridge_interfaces/share/sc2_bridge_interfaces/msg/UnitState.idl\n'}
[4.364836] (sc2_bridge_interfaces) StdoutLine: {'line': b'-- Installing: /home/ros/ws/ros2_ws/install/sc2_bridge_interfaces/share/sc2_bridge_interfaces/msg/UnitStateArray.idl\n'}
[4.364879] (sc2_bridge_interfaces) StdoutLine: {'line': b'-- Installing: /home/ros/ws/ros2_ws/install/sc2_bridge_interfaces/share/sc2_bridge_interfaces/srv/KillUnits.idl\n'}
[4.364897] (sc2_bridge_interfaces) StdoutLine: {'line': b'-- Installing: /home/ros/ws/ros2_ws/install/sc2_bridge_interfaces/share/sc2_bridge_interfaces/srv/SpawnUnits.idl\n'}
[4.364914] (sc2_bridge_interfaces) StdoutLine: {'line': b'-- Installing: /home/ros/ws/ros2_ws/install/sc2_bridge_interfaces/share/sc2_bridge_interfaces/action/Attack.idl\n'}
[4.364931] (sc2_bridge_interfaces) StdoutLine: {'line': b'-- Installing: /home/ros/ws/ros2_ws/install/sc2_bridge_interfaces/share/sc2_bridge_interfaces/action/Move.idl\n'}
[4.364948] (sc2_bridge_interfaces) StdoutLine: {'line': b'-- Installing: /home/ros/ws/ros2_ws/install/sc2_bridge_interfaces/share/sc2_bridge_interfaces/msg/ContactMark.msg\n'}
[4.364965] (sc2_bridge_interfaces) StdoutLine: {'line': b'-- Installing: /home/ros/ws/ros2_ws/install/sc2_bridge_interfaces/share/sc2_bridge_interfaces/msg/ContactMarkArray.msg\n'}
[4.364983] (sc2_bridge_interfaces) StdoutLine: {'line': b'-- Installing: /home/ros/ws/ros2_ws/install/sc2_bridge_interfaces/share/sc2_bridge_interfaces/msg/GameInfo.msg\n'}
[4.365030] (sc2_bridge_interfaces) StdoutLine: {'line': b'-- Installing: /home/ros/ws/ros2_ws/install/sc2_bridge_interfaces/share/sc2_bridge_interfaces/msg/UnitState.msg\n'}
[4.365046] (sc2_bridge_interfaces) StdoutLine: {'line': b'-- Installing: /home/ros/ws/ros2_ws/install/sc2_bridge_interfaces/share/sc2_bridge_interfaces/msg/UnitStateArray.msg\n'}
[4.365063] (sc2_bridge_interfaces) StdoutLine: {'line': b'-- Installing: /home/ros/ws/ros2_ws/install/sc2_bridge_interfaces/share/sc2_bridge_interfaces/srv/KillUnits.srv\n'}
[4.365080] (sc2_bridge_interfaces) StdoutLine: {'line': b'-- Installing: /home/ros/ws/ros2_ws/install/sc2_bridge_interfaces/share/sc2_bridge_interfaces/srv/KillUnits_Request.msg\n'}
[4.365114] (sc2_bridge_interfaces) StdoutLine: {'line': b'-- Installing: /home/ros/ws/ros2_ws/install/sc2_bridge_interfaces/share/sc2_bridge_interfaces/srv/KillUnits_Response.msg\n'}
[4.365131] (sc2_bridge_interfaces) StdoutLine: {'line': b'-- Installing: /home/ros/ws/ros2_ws/install/sc2_bridge_interfaces/share/sc2_bridge_interfaces/srv/SpawnUnits.srv\n'}
[4.365167] (sc2_bridge_interfaces) StdoutLine: {'line': b'-- Installing: /home/ros/ws/ros2_ws/install/sc2_bridge_interfaces/share/sc2_bridge_interfaces/srv/SpawnUnits_Request.msg\n'}
[4.365202] (sc2_bridge_interfaces) StdoutLine: {'line': b'-- Installing: /home/ros/ws/ros2_ws/install/sc2_bridge_interfaces/share/sc2_bridge_interfaces/srv/SpawnUnits_Response.msg\n'}
[4.365244] (sc2_bridge_interfaces) StdoutLine: {'line': b'-- Installing: /home/ros/ws/ros2_ws/install/sc2_bridge_interfaces/share/sc2_bridge_interfaces/action/Attack.action\n'}
[4.365289] (sc2_bridge_interfaces) StdoutLine: {'line': b'-- Installing: /home/ros/ws/ros2_ws/install/sc2_bridge_interfaces/share/sc2_bridge_interfaces/action/Move.action\n'}
[4.365347] (sc2_bridge_interfaces) StdoutLine: {'line': b'-- Installing: /home/ros/ws/ros2_ws/install/sc2_bridge_interfaces/share/ament_index/resource_index/package_run_dependencies/sc2_bridge_interfaces\n'}
[4.365410] (sc2_bridge_interfaces) StdoutLine: {'line': b'-- Installing: /home/ros/ws/ros2_ws/install/sc2_bridge_interfaces/share/ament_index/resource_index/parent_prefix_path/sc2_bridge_interfaces\n'}
[4.365468] (sc2_bridge_interfaces) StdoutLine: {'line': b'-- Installing: /home/ros/ws/ros2_ws/install/sc2_bridge_interfaces/share/sc2_bridge_interfaces/environment/ament_prefix_path.sh\n'}
[4.365526] (sc2_bridge_interfaces) StdoutLine: {'line': b'-- Installing: /home/ros/ws/ros2_ws/install/sc2_bridge_interfaces/share/sc2_bridge_interfaces/environment/ament_prefix_path.dsv\n'}
[4.365574] (sc2_bridge_interfaces) StdoutLine: {'line': b'-- Installing: /home/ros/ws/ros2_ws/install/sc2_bridge_interfaces/share/sc2_bridge_interfaces/environment/path.sh\n'}
[4.365629] (sc2_bridge_interfaces) StdoutLine: {'line': b'-- Installing: /home/ros/ws/ros2_ws/install/sc2_bridge_interfaces/share/sc2_bridge_interfaces/environment/path.dsv\n'}
[4.365676] (sc2_bridge_interfaces) StdoutLine: {'line': b'-- Installing: /home/ros/ws/ros2_ws/install/sc2_bridge_interfaces/share/sc2_bridge_interfaces/local_setup.bash\n'}
[4.365725] (sc2_bridge_interfaces) StdoutLine: {'line': b'-- Installing: /home/ros/ws/ros2_ws/install/sc2_bridge_interfaces/share/sc2_bridge_interfaces/local_setup.sh\n'}
[4.365771] (sc2_bridge_interfaces) StdoutLine: {'line': b'-- Installing: /home/ros/ws/ros2_ws/install/sc2_bridge_interfaces/share/sc2_bridge_interfaces/local_setup.zsh\n'}
[4.365820] (sc2_bridge_interfaces) StdoutLine: {'line': b'-- Installing: /home/ros/ws/ros2_ws/install/sc2_bridge_interfaces/share/sc2_bridge_interfaces/local_setup.dsv\n'}
[4.365867] (sc2_bridge_interfaces) StdoutLine: {'line': b'-- Installing: /home/ros/ws/ros2_ws/install/sc2_bridge_interfaces/share/sc2_bridge_interfaces/package.dsv\n'}
[4.365927] (sc2_bridge_interfaces) StdoutLine: {'line': b'-- Installing: /home/ros/ws/ros2_ws/install/sc2_bridge_interfaces/share/ament_index/resource_index/packages/sc2_bridge_interfaces\n'}
[4.365996] (sc2_bridge_interfaces) StdoutLine: {'line': b'-- Installing: /home/ros/ws/ros2_ws/install/sc2_bridge_interfaces/share/sc2_bridge_interfaces/cmake/export_sc2_bridge_interfaces__rosidl_generator_cExport.cmake\n'}
[4.366057] (sc2_bridge_interfaces) StdoutLine: {'line': b'-- Installing: /home/ros/ws/ros2_ws/install/sc2_bridge_interfaces/share/sc2_bridge_interfaces/cmake/export_sc2_bridge_interfaces__rosidl_generator_cExport-noconfig.cmake\n'}
[4.366118] (sc2_bridge_interfaces) StdoutLine: {'line': b'-- Installing: /home/ros/ws/ros2_ws/install/sc2_bridge_interfaces/share/sc2_bridge_interfaces/cmake/export_sc2_bridge_interfaces__rosidl_typesupport_fastrtps_cExport.cmake\n'}
[4.366173] (sc2_bridge_interfaces) StdoutLine: {'line': b'-- Installing: /home/ros/ws/ros2_ws/install/sc2_bridge_interfaces/share/sc2_bridge_interfaces/cmake/export_sc2_bridge_interfaces__rosidl_typesupport_fastrtps_cExport-noconfig.cmake\n'}
[4.366228] (sc2_bridge_interfaces) StdoutLine: {'line': b'-- Installing: /home/ros/ws/ros2_ws/install/sc2_bridge_interfaces/share/sc2_bridge_interfaces/cmake/sc2_bridge_interfaces__rosidl_typesupport_introspection_cExport.cmake\n'}
[4.366282] (sc2_bridge_interfaces) StdoutLine: {'line': b'-- Installing: /home/ros/ws/ros2_ws/install/sc2_bridge_interfaces/share/sc2_bridge_interfaces/cmake/sc2_bridge_interfaces__rosidl_typesupport_introspection_cExport-noconfig.cmake\n'}
[4.366338] (sc2_bridge_interfaces) StdoutLine: {'line': b'-- Installing: /home/ros/ws/ros2_ws/install/sc2_bridge_interfaces/share/sc2_bridge_interfaces/cmake/sc2_bridge_interfaces__rosidl_typesupport_cExport.cmake\n'}
[4.366394] (sc2_bridge_interfaces) StdoutLine: {'line': b'-- Installing: /home/ros/ws/ros2_ws/install/sc2_bridge_interfaces/share/sc2_bridge_interfaces/cmake/sc2_bridge_interfaces__rosidl_typesupport_cExport-noconfig.cmake\n'}
[4.366449] (sc2_bridge_interfaces) StdoutLine: {'line': b'-- Installing: /home/ros/ws/ros2_ws/install/sc2_bridge_interfaces/share/sc2_bridge_interfaces/cmake/export_sc2_bridge_interfaces__rosidl_generator_cppExport.cmake\n'}
[4.366508] (sc2_bridge_interfaces) StdoutLine: {'line': b'-- Installing: /home/ros/ws/ros2_ws/install/sc2_bridge_interfaces/share/sc2_bridge_interfaces/cmake/export_sc2_bridge_interfaces__rosidl_typesupport_fastrtps_cppExport.cmake\n'}
[4.366560] (sc2_bridge_interfaces) StdoutLine: {'line': b'-- Installing: /home/ros/ws/ros2_ws/install/sc2_bridge_interfaces/share/sc2_bridge_interfaces/cmake/export_sc2_bridge_interfaces__rosidl_typesupport_fastrtps_cppExport-noconfig.cmake\n'}
[4.366620] (sc2_bridge_interfaces) StdoutLine: {'line': b'-- Installing: /home/ros/ws/ros2_ws/install/sc2_bridge_interfaces/share/sc2_bridge_interfaces/cmake/sc2_bridge_interfaces__rosidl_typesupport_introspection_cppExport.cmake\n'}
[4.366675] (sc2_bridge_interfaces) StdoutLine: {'line': b'-- Installing: /home/ros/ws/ros2_ws/install/sc2_bridge_interfaces/share/sc2_bridge_interfaces/cmake/sc2_bridge_interfaces__rosidl_typesupport_introspection_cppExport-noconfig.cmake\n'}
[4.366735] (sc2_bridge_interfaces) StdoutLine: {'line': b'-- Installing: /home/ros/ws/ros2_ws/install/sc2_bridge_interfaces/share/sc2_bridge_interfaces/cmake/sc2_bridge_interfaces__rosidl_typesupport_cppExport.cmake\n'}
[4.366786] (sc2_bridge_interfaces) StdoutLine: {'line': b'-- Installing: /home/ros/ws/ros2_ws/install/sc2_bridge_interfaces/share/sc2_bridge_interfaces/cmake/sc2_bridge_interfaces__rosidl_typesupport_cppExport-noconfig.cmake\n'}
[4.366843] (sc2_bridge_interfaces) StdoutLine: {'line': b'-- Installing: /home/ros/ws/ros2_ws/install/sc2_bridge_interfaces/share/sc2_bridge_interfaces/cmake/export_sc2_bridge_interfaces__rosidl_generator_pyExport.cmake\n'}
[4.366896] (sc2_bridge_interfaces) StdoutLine: {'line': b'-- Installing: /home/ros/ws/ros2_ws/install/sc2_bridge_interfaces/share/sc2_bridge_interfaces/cmake/export_sc2_bridge_interfaces__rosidl_generator_pyExport-noconfig.cmake\n'}
[4.366950] (sc2_bridge_interfaces) StdoutLine: {'line': b'-- Installing: /home/ros/ws/ros2_ws/install/sc2_bridge_interfaces/share/sc2_bridge_interfaces/cmake/rosidl_cmake-extras.cmake\n'}
[4.367007] (sc2_bridge_interfaces) StdoutLine: {'line': b'-- Installing: /home/ros/ws/ros2_ws/install/sc2_bridge_interfaces/share/sc2_bridge_interfaces/cmake/ament_cmake_export_dependencies-extras.cmake\n'}
[4.367061] (sc2_bridge_interfaces) StdoutLine: {'line': b'-- Installing: /home/ros/ws/ros2_ws/install/sc2_bridge_interfaces/share/sc2_bridge_interfaces/cmake/ament_cmake_export_include_directories-extras.cmake\n'}
[4.367111] (sc2_bridge_interfaces) StdoutLine: {'line': b'-- Installing: /home/ros/ws/ros2_ws/install/sc2_bridge_interfaces/share/sc2_bridge_interfaces/cmake/ament_cmake_export_libraries-extras.cmake\n'}
[4.367164] (sc2_bridge_interfaces) StdoutLine: {'line': b'-- Installing: /home/ros/ws/ros2_ws/install/sc2_bridge_interfaces/share/sc2_bridge_interfaces/cmake/ament_cmake_export_targets-extras.cmake\n'}
[4.367212] (sc2_bridge_interfaces) StdoutLine: {'line': b'-- Installing: /home/ros/ws/ros2_ws/install/sc2_bridge_interfaces/share/sc2_bridge_interfaces/cmake/rosidl_cmake_export_typesupport_targets-extras.cmake\n'}
[4.367262] (sc2_bridge_interfaces) StdoutLine: {'line': b'-- Installing: /home/ros/ws/ros2_ws/install/sc2_bridge_interfaces/share/sc2_bridge_interfaces/cmake/rosidl_cmake_export_typesupport_libraries-extras.cmake\n'}
[4.367313] (sc2_bridge_interfaces) StdoutLine: {'line': b'-- Installing: /home/ros/ws/ros2_ws/install/sc2_bridge_interfaces/share/sc2_bridge_interfaces/cmake/sc2_bridge_interfacesConfig.cmake\n'}
[4.367351] (sc2_bridge_interfaces) StdoutLine: {'line': b'-- Installing: /home/ros/ws/ros2_ws/install/sc2_bridge_interfaces/share/sc2_bridge_interfaces/cmake/sc2_bridge_interfacesConfig-version.cmake\n'}
[4.367403] (sc2_bridge_interfaces) StdoutLine: {'line': b'-- Installing: /home/ros/ws/ros2_ws/install/sc2_bridge_interfaces/share/sc2_bridge_interfaces/package.xml\n'}
[4.368761] (sc2_bridge_interfaces) CommandEnded: {'returncode': 0}
[4.386017] (sc2_bridge_interfaces) JobEnded: {'identifier': 'sc2_bridge_interfaces', 'rc': 0}
[4.386285] (sc2_bridge) JobStarted: {'identifier': 'sc2_bridge'}
[4.411037] (-) TimerEvent: {}
[4.511168] (-) TimerEvent: {}
[4.611366] (-) TimerEvent: {}
[4.659298] (sc2_bridge) Command: {'cmd': ['/usr/bin/python3', '-W', 'ignore:setup.py install is deprecated', '-W', 'ignore:easy_install command is deprecated', 'setup.py', 'develop', '--editable', '--build-directory', '/home/ros/ws/ros2_ws/build/sc2_bridge/build', '--no-deps', 'symlink_data'], 'cwd': '/home/ros/ws/ros2_ws/build/sc2_bridge', 'env': {'HOSTNAME': 'bd0fd62f0b1c', 'ROS_PACKAGE_PATH': '/home/ros/ws/ros2_ws/install/sc2_bridge_interfaces/share', 'SHLVL': '1', 'LD_LIBRARY_PATH': '/home/ros/ws/ros2_ws/install/sc2_bridge_interfaces/lib:/opt/ros/humble/opt/rviz_ogre_vendor/lib:/opt/ros/humble/lib/x86_64-linux-gnu:/opt/ros/humble/lib', 'HOME': '/home/ros', 'ROS_PYTHON_VERSION': '3', 'SC2_MAP': '/StarCraftII/maps/Flat482Spawns.SC2Map', 'ROS_DISTRO': 'humble', '_': '/usr/bin/colcon', 'ROS_VERSION': '2', 'PKG_CONFIG_PATH': '/home/ros/ws/ros2_ws/install/sc2_bridge_interfaces/lib/x86_64-linux-gnu/pkgconfig:/home/ros/ws/ros2_ws/install/sc2_bridge_interfaces/lib/pkgconfig', 'ROS_LOCALHOST_ONLY': '0', 'PATH': '/opt/ros/humble/bin:/usr/local/sbin:/usr/local/bin:/usr/sbin:/usr/bin:/sbin:/bin', 'DISPLAY': ':1', 'LANG': 'C.UTF-8', 'XAUTHORITY': '/run/user/1000/gdm/Xauthority', 'AMENT_PREFIX_PATH': '/opt/ros/humble', 'SC2_HOST': 'sc2-server', 'PWD': '/home/ros/ws/ros2_ws/build/sc2_bridge', 'LC_ALL': 'C.UTF-8', 'PYTHONPATH': '/home/ros/ws/ros2_ws/build/sc2_bridge/prefix_override:/usr/lib/python3/dist-packages/colcon_core/task/python/colcon_distutils_commands:/home/ros/ws/ros2_ws/install/sc2_bridge/lib/python3.10/site-packages:/home/ros/ws/ros2_ws/install/sc2_bridge_interfaces/local/lib/python3.10/dist-packages:/opt/ros/humble/lib/python3.10/site-packages:/opt/ros/humble/local/lib/python3.10/dist-packages', 'COLCON': '1', 'SC2_PORT': '8167', 'CMAKE_PREFIX_PATH': '/home/ros/ws/ros2_ws/install/sc2_bridge_interfaces'}, 'shell': False}
[4.711471] (-) TimerEvent: {}
[4.766109] (sc2_bridge) StdoutLine: {'line': b'running develop\n'}
[4.811554] (-) TimerEvent: {}
[4.812925] (sc2_bridge) StdoutLine: {'line': b'running egg_info\n'}
[4.813010] (sc2_bridge) StdoutLine: {'line': b'creating sc2_bridge.egg-info\n'}
[4.813083] (sc2_bridge) StdoutLine: {'line': b'writing sc2_bridge.egg-info/PKG-INFO\n'}
[4.813170] (sc2_bridge) StdoutLine: {'line': b'writing dependency_links to sc2_bridge.egg-info/dependency_links.txt\n'}
[4.813225] (sc2_bridge) StdoutLine: {'line': b'writing entry points to sc2_bridge.egg-info/entry_points.txt\n'}
[4.813277] (sc2_bridge) StdoutLine: {'line': b'writing requirements to sc2_bridge.egg-info/requires.txt\n'}
[4.813299] (sc2_bridge) StdoutLine: {'line': b'writing top-level names to sc2_bridge.egg-info/top_level.txt\n'}
[4.813373] (sc2_bridge) StdoutLine: {'line': b"writing manifest file 'sc2_bridge.egg-info/SOURCES.txt'\n"}
[4.814187] (sc2_bridge) StdoutLine: {'line': b"reading manifest file 'sc2_bridge.egg-info/SOURCES.txt'\n"}
[4.814477] (sc2_bridge) StdoutLine: {'line': b"writing manifest file 'sc2_bridge.egg-info/SOURCES.txt'\n"}
[4.815159] (sc2_bridge) StdoutLine: {'line': b'running build_ext\n'}
[4.815265] (sc2_bridge) StdoutLine: {'line': b'Creating /home/ros/ws/ros2_ws/install/sc2_bridge/lib/python3.10/site-packages/sc2-bridge.egg-link (link to .)\n'}
[4.815620] (sc2_bridge) StdoutLine: {'line': b'Installing sc2_bridge_node script to /home/ros/ws/ros2_ws/install/sc2_bridge/lib/sc2_bridge\n'}
[4.815677] (sc2_bridge) StdoutLine: {'line': b'Installing swarm_demo script to /home/ros/ws/ros2_ws/install/sc2_bridge/lib/sc2_bridge\n'}
[4.815755] (sc2_bridge) StdoutLine: {'line': b'\n'}
[4.815784] (sc2_bridge) StdoutLine: {'line': b'Installed /home/ros/ws/ros2_ws/build/sc2_bridge\n'}
[4.815855] (sc2_bridge) StdoutLine: {'line': b'running symlink_data\n'}
[4.815933] (sc2_bridge) StdoutLine: {'line': b'creating /home/ros/ws/ros2_ws/install/sc2_bridge/share/ament_index\n'}
[4.815961] (sc2_bridge) StdoutLine: {'line': b'creating /home/ros/ws/ros2_ws/install/sc2_bridge/share/ament_index/resource_index\n'}
[4.815986] (sc2_bridge) StdoutLine: {'line': b'creating /home/ros/ws/ros2_ws/install/sc2_bridge/share/ament_index/resource_index/packages\n'}
[4.816009] (sc2_bridge) StdoutLine: {'line': b'symbolically linking /home/ros/ws/ros2_ws/build/sc2_bridge/resource/sc2_bridge -> /home/ros/ws/ros2_ws/install/sc2_bridge/share/ament_index/resource_index/packages\n'}
[4.816034] (sc2_bridge) StdoutLine: {'line': b'symbolically linking /home/ros/ws/ros2_ws/build/sc2_bridge/package.xml -> /home/ros/ws/ros2_ws/install/sc2_bridge/share/sc2_bridge\n'}
[4.816057] (sc2_bridge) StdoutLine: {'line': b'creating /home/ros/ws/ros2_ws/install/sc2_bridge/share/sc2_bridge/config\n'}
[4.816108] (sc2_bridge) StdoutLine: {'line': b'symbolically linking /home/ros/ws/ros2_ws/build/sc2_bridge/config/bridge.yaml -> /home/ros/ws/ros2_ws/install/sc2_bridge/share/sc2_bridge/config\n'}
[4.816129] (sc2_bridge) StdoutLine: {'line': b'creating /home/ros/ws/ros2_ws/install/sc2_bridge/share/sc2_bridge/launch\n'}
[4.816147] (sc2_bridge) StdoutLine: {'line': b'symbolically linking /home/ros/ws/ros2_ws/build/sc2_bridge/launch/sc2_bridge.launch.py -> /home/ros/ws/ros2_ws/install/sc2_bridge/share/sc2_bridge/launch\n'}
[4.831358] (sc2_bridge) CommandEnded: {'returncode': 0}
[4.837098] (sc2_bridge) JobEnded: {'identifier': 'sc2_bridge', 'rc': 0}
[4.837684] (-) EventReactorShutdown: {}
